-- MySQL dump 10.13  Distrib 8.0.38, for Win64 (x86_64)
--
-- Host: localhost    Database: gametrashcollecting
-- ------------------------------------------------------
-- Server version	8.0.38

/*!40101 SET @OLD_CHARACTER_SET_CLIENT=@@CHARACTER_SET_CLIENT */;
/*!40101 SET @OLD_CHARACTER_SET_RESULTS=@@CHARACTER_SET_RESULTS */;
/*!40101 SET @OLD_COLLATION_CONNECTION=@@COLLATION_CONNECTION */;
/*!50503 SET NAMES utf8 */;
/*!40103 SET @OLD_TIME_ZONE=@@TIME_ZONE */;
/*!40103 SET TIME_ZONE='+00:00' */;
/*!40014 SET @OLD_UNIQUE_CHECKS=@@UNIQUE_CHECKS, UNIQUE_CHECKS=0 */;
/*!40014 SET @OLD_FOREIGN_KEY_CHECKS=@@FOREIGN_KEY_CHECKS, FOREIGN_KEY_CHECKS=0 */;
/*!40101 SET @OLD_SQL_MODE=@@SQL_MODE, SQL_MODE='NO_AUTO_VALUE_ON_ZERO' */;
/*!40111 SET @OLD_SQL_NOTES=@@SQL_NOTES, SQL_NOTES=0 */;

--
-- Table structure for table `friendship`
--

DROP TABLE IF EXISTS `friendship`;
/*!40101 SET @saved_cs_client     = @@character_set_client */;
/*!50503 SET character_set_client = utf8mb4 */;
CREATE TABLE `friendship` (
                              `friendshipId` int NOT NULL AUTO_INCREMENT,
                              `user1Id` int DEFAULT NULL,
                              `user2Id` int DEFAULT NULL,
                              `status` tinyint(1) DEFAULT NULL,
                              PRIMARY KEY (`friendshipId`),
                              KEY `user1Id` (`user1Id`),
                              KEY `user2Id` (`user2Id`),
                              CONSTRAINT `friendship_ibfk_1` FOREIGN KEY (`user1Id`) REFERENCES `user` (`userId`),
                              CONSTRAINT `friendship_ibfk_2` FOREIGN KEY (`user2Id`) REFERENCES `user` (`userId`)
) ENGINE=InnoDB AUTO_INCREMENT=7 DEFAULT CHARSET=utf8mb4 COLLATE=utf8mb4_0900_ai_ci;
/*!40101 SET character_set_client = @saved_cs_client */;

--
-- Dumping data for table `friendship`
--

LOCK TABLES `friendship` WRITE;
/*!40000 ALTER TABLE `friendship` DISABLE KEYS */;
INSERT INTO `friendship` VALUES (1,1,2,1),(2,1,3,0),(3,4,6,1),(4,4,7,1),(5,6,4,1),(6,7,4,1);
/*!40000 ALTER TABLE `friendship` ENABLE KEYS */;
UNLOCK TABLES;

--
-- Table structure for table `gameresult`
--

DROP TABLE IF EXISTS `gameresult`;
/*!40101 SET @saved_cs_client     = @@character_set_client */;
/*!50503 SET character_set_client = utf8mb4 */;
CREATE TABLE `gameresult` (
                              `resultId` int NOT NULL AUTO_INCREMENT,
                              `pointsScored` int DEFAULT NULL,
                              `playTime` datetime DEFAULT NULL,
                              `userId` int DEFAULT NULL,
                              `roundId` int DEFAULT NULL,
                              PRIMARY KEY (`resultId`),
                              KEY `userId` (`userId`),
                              KEY `roundId` (`roundId`),
                              CONSTRAINT `gameresult_ibfk_1` FOREIGN KEY (`userId`) REFERENCES `user` (`userId`),
                              CONSTRAINT `gameresult_ibfk_2` FOREIGN KEY (`roundId`) REFERENCES `gameround` (`roundId`)
) ENGINE=InnoDB AUTO_INCREMENT=2 DEFAULT CHARSET=utf8mb4 COLLATE=utf8mb4_0900_ai_ci;
/*!40101 SET character_set_client = @saved_cs_client */;

--
-- Dumping data for table `gameresult`
--

LOCK TABLES `gameresult` WRITE;
/*!40000 ALTER TABLE `gameresult` DISABLE KEYS */;
INSERT INTO `gameresult` VALUES (1,600,'2024-10-03 10:50:00',1,1);
/*!40000 ALTER TABLE `gameresult` ENABLE KEYS */;
UNLOCK TABLES;

--
-- Table structure for table `gameroom`
--

DROP TABLE IF EXISTS `gameroom`;
/*!40101 SET @saved_cs_client     = @@character_set_client */;
/*!50503 SET character_set_client = utf8mb4 */;
CREATE TABLE `gameroom` (
                            `roomId` int NOT NULL AUTO_INCREMENT,
                            `roomName` varchar(50) DEFAULT NULL,
                            `maxPlayer` int DEFAULT NULL,
                            `currentPlayer` int DEFAULT NULL,
                            `status` enum('WAITING','IN_PROGRESS','FULL') DEFAULT NULL,
                            PRIMARY KEY (`roomId`)
) ENGINE=InnoDB AUTO_INCREMENT=473 DEFAULT CHARSET=utf8mb4 COLLATE=utf8mb4_0900_ai_ci;
/*!40101 SET character_set_client = @saved_cs_client */;

--
-- Dumping data for table `gameroom`
--

LOCK TABLES `gameroom` WRITE;
/*!40000 ALTER TABLE `gameroom` DISABLE KEYS */;
INSERT INTO `gameroom` VALUES (1,'Room A',2,3,'FULL'),(2,'Room B',2,1,'IN_PROGRESS'),(3,'Room-f89549a5',2,1,'WAITING'),(4,'Room-19f16707',2,1,'WAITING'),(5,'Room-26dc397e',2,1,'WAITING'),(6,'Room-907cdfd1',2,1,'WAITING'),(7,'Room-e1f4c61d',2,1,'WAITING'),(8,'Room-5eb9e88e',2,1,'WAITING'),(9,'Room-aa6c3358',2,1,'WAITING'),(10,'Room-21999397',2,1,'WAITING'),(11,'Room-543c832c',2,1,'WAITING'),(12,'Room-0a890c7b',2,1,'WAITING'),(13,'Room-3940c5ab',2,1,'WAITING'),(14,'Room-9d61ee40',2,1,'WAITING'),(15,'Room-1009a81b',2,1,'WAITING'),(16,'Room-f212ce37',2,2,'IN_PROGRESS'),(17,'Room-ca374b89',2,1,'WAITING'),(18,'Room-aa3f6235',2,1,'WAITING'),(19,'Room-45f8d154',2,1,'WAITING'),(20,'Room-e3e97551',2,1,'WAITING'),(21,'Room-94f339be',2,2,'FULL'),(22,'Room-9be2a2ed',2,2,'FULL'),(23,'Room-b8d4c7d6',2,2,'FULL'),(24,'Room-58f3311a',2,2,'FULL'),(25,'Room-d0b2b94f',2,1,'WAITING'),(26,'Room-c1f4f18f',2,2,'FULL'),(27,'Room-083312e5',2,2,'FULL'),(28,'Room-ecfd802c',2,2,'FULL'),(29,'Room-5c92757f',2,2,'FULL'),(30,'Room-c6200bf3',2,2,'FULL'),(31,'Room-30fdac2b',2,2,'FULL'),(32,'Room-b6a25e84',2,2,'FULL'),(33,'Room-7354e865',2,2,'FULL'),(34,'Room-2c89e72c',2,2,'FULL'),(35,'Room-3af91667',2,2,'FULL'),(36,'Room-4a433b76',2,2,'FULL'),(37,'Room-8af6a567',2,2,'FULL'),(38,'Room-fa4cfe09',2,2,'FULL'),(39,'Room-7c5592d0',2,2,'FULL'),(40,'Room-ee1a0ec8',2,1,'WAITING'),(41,'Room-e5bed57a',2,1,'WAITING'),(42,'Room-2243c9cf',2,2,'FULL'),(43,'Room-d7331eac',2,2,'FULL'),(44,'Room-a119a3be',2,2,'FULL'),(45,'Room-f2e92d49',2,2,'FULL'),(46,'Room-3e09d4a6',2,2,'FULL'),(47,'Room-40e99ece',2,2,'FULL'),(48,'Room-39f28f52',2,2,'FULL'),(49,'Room-0a539801',2,2,'FULL'),(50,'Room-817af621',2,1,'WAITING'),(51,'Room-4f7146f8',2,2,'FULL'),(52,'Room-02c10cd0',2,2,'FULL'),(53,'Room-4e32759d',2,2,'FULL'),(54,'Room-e1b5dcfe',2,2,'FULL'),(55,'Room-5f1a1c84',2,1,'WAITING'),(56,'Room-76413a4d',2,1,'WAITING'),(57,'Room-56d8a6c4',2,1,'WAITING'),(58,'Room-69cc6694',2,1,'WAITING'),(59,'Room-910c0b51',2,1,'WAITING'),(60,'Room-2e61e98c',2,2,'FULL'),(61,'Room-227c7cf1',2,2,'FULL'),(62,'Room-c5f519af',2,2,'FULL'),(63,'Room-1be5c91e',2,2,'FULL'),(64,'Room-ae15e530',2,2,'FULL'),(65,'Room-591a5d11',2,2,'FULL'),(66,'Room-229a41fb',2,2,'FULL'),(67,'Room-338b9c69',2,2,'FULL'),(68,'Room-975c981c',2,2,'FULL'),(69,'Room-934663ec',2,2,'FULL'),(70,'Room-4f61b15d',2,2,'FULL'),(71,'Room-1713c04f',2,2,'FULL'),(72,'Room-fe1c8963',2,2,'FULL'),(73,'Room-69c4a0c1',2,1,'WAITING'),(74,'Room-c5dbd252',2,1,'WAITING'),(75,'Room-3d61e947',2,1,'WAITING'),(76,'Room-69afeb32',2,1,'WAITING'),(77,'Room-049b5954',2,1,'WAITING'),(78,'Room-cd2fb76f',2,1,'WAITING'),(79,'Room-88a78e05',2,1,'WAITING'),(80,'Room-a88e8518',2,1,'WAITING'),(81,'Room-38f7832a',2,1,'WAITING'),(82,'Room-6d09f029',2,1,'WAITING'),(83,'Room-01ec5365',2,1,'WAITING'),(84,'Room-60cf5cb7',2,1,'WAITING'),(85,'Room-843f618b',2,1,'WAITING'),(86,'Room-8f89eabc',2,1,'WAITING'),(87,'Room-d3076775',2,1,'WAITING'),(88,'Room-5d582d0a',2,1,'WAITING'),(89,'Room-7a965332',2,1,'WAITING'),(90,'Room-09e45951',2,2,'FULL'),(91,'Room-526bf770',2,1,'WAITING'),(92,'Room-dbc849de',2,1,'WAITING'),(93,'Room-aa300792',2,1,'WAITING'),(94,'Room-655cca0f',2,1,'WAITING'),(95,'Room-959592be',2,1,'WAITING'),(96,'Room-dee21d1c',2,2,'FULL'),(97,'Room-8c69593e',2,2,'FULL'),(98,'Room-e05e55a1',2,2,'FULL'),(99,'Room-4ff77f69',2,2,'FULL'),(100,'Room-230c437a',2,2,'FULL'),(101,'Room-a1e2aade',2,1,'WAITING'),(102,'Room-723a0cf4',2,1,'WAITING'),(103,'Room-d46af821',2,2,'FULL'),(104,'Room-9cf0b1f3',2,2,'FULL'),(105,'Room-c5b03d99',2,2,'FULL'),(106,'Room-1cb9b414',2,1,'WAITING'),(107,'Room-ef4c5ee4',2,1,'WAITING'),(108,'Room-9b48d946',2,1,'WAITING'),(109,'Room-9f346da2',2,2,'FULL'),(110,'Room-0d4e5866',2,2,'FULL'),(111,'Room-240a8cfd',2,2,'FULL'),(112,'Room-45e664f2',2,2,'FULL'),(113,'Room-309e47e7',2,2,'FULL'),(114,'Room-eb5b0909',2,2,'FULL'),(115,'Room-c728b140',2,2,'FULL'),(116,'Room-2c951de3',2,2,'FULL'),(117,'Room-e1abc6f4',2,2,'FULL'),(118,'Room-903d0039',2,2,'FULL'),(119,'Room-c3a83fb8',2,2,'FULL'),(120,'Room-7820b6d4',2,2,'FULL'),(121,'Room-1606898d',2,2,'FULL'),(122,'Room-72def8bb',2,2,'FULL'),(123,'Room-e3104768',2,2,'FULL'),(124,'Room-4d8b38c2',2,2,'FULL'),(125,'Room-e2464008',2,2,'FULL'),(126,'Room-92dba504',2,2,'FULL'),(127,'Room-c6dc2ea5',2,2,'FULL'),(128,'Room-5ddc765e',2,2,'FULL'),(129,'Room-f0728694',2,2,'FULL'),(130,'Room-5b5e77cc',2,2,'FULL'),(131,'Room-04747c03',2,2,'FULL'),(132,'Room-bbdca97f',2,2,'FULL'),(133,'Room-649f7d0a',2,2,'FULL'),(134,'Room-4ce7a622',2,2,'FULL'),(135,'Room-fa187f0a',2,2,'FULL'),(136,'Room-90f47ec0',2,1,'WAITING'),(137,'Room-786ac924',2,2,'FULL'),(138,'Room-a9f0fcdb',2,2,'FULL'),(139,'Room-5571e0f8',2,2,'FULL'),(140,'Room-cb7cb8e4',2,2,'FULL'),(141,'Room-df8bad88',2,2,'FULL'),(142,'Room-7bf637be',2,2,'FULL'),(143,'Room-8646a787',2,2,'FULL'),(144,'Room-800e7872',2,2,'FULL'),(145,'Room-f41de71f',2,2,'FULL'),(146,'Room-9241a932',2,2,'FULL'),(147,'Room-d1757555',2,2,'FULL'),(148,'Room-a025a3e2',2,2,'FULL'),(149,'Room-8c882d42',2,2,'FULL'),(150,'Room-89065af4',2,2,'FULL'),(151,'Room-80776bf6',2,2,'FULL'),(152,'Room-caf3c8d7',2,2,'FULL'),(153,'Room-c98bbb67',2,2,'FULL'),(154,'Room-2386ca1d',2,2,'FULL'),(155,'Room-8f5f4f73',2,2,'FULL'),(156,'Room-a90f5fdc',2,2,'FULL'),(157,'Room-dfe7337f',2,2,'FULL'),(158,'Room-d5945ecc',2,2,'FULL'),(159,'Room-49e199ca',2,2,'FULL'),(160,'Room-68440dcb',2,2,'FULL'),(161,'Room-1293ecc5',2,2,'FULL'),(162,'Room-f93e9e0c',2,2,'FULL'),(163,'Room-64799f13',2,2,'FULL'),(164,'Room-0e991ff6',2,2,'FULL'),(165,'Room-5b6ebfe7',2,2,'FULL'),(166,'Room-dd8a6a9e',2,2,'FULL'),(167,'Room-ff2a39b0',2,2,'FULL'),(168,'Room-2c704853',2,2,'FULL'),(169,'Room-11e378b7',2,2,'FULL'),(170,'Room-f4013d69',2,2,'FULL'),(171,'Room-77fe132c',2,2,'FULL'),(172,'Room-682e03d8',2,2,'FULL'),(173,'Room-d4c1220d',2,2,'FULL'),(174,'Room-1fc300cc',2,2,'FULL'),(175,'Room-c9e2ea83',2,2,'FULL'),(176,'Room-92c2fdb8',2,2,'FULL'),(177,'Room-3fe3a09c',2,2,'FULL'),(178,'Room-c1b21744',2,2,'FULL'),(179,'Room-13adc957',2,2,'FULL'),(180,'Room-5d53144f',2,2,'FULL'),(181,'Room-f3b9eb7e',2,2,'FULL'),(182,'Room-0cee9d16',2,2,'FULL'),(183,'Room-72f75754',2,2,'FULL'),(184,'Room-750c7b9e',2,2,'FULL'),(185,'Room-999b2fd5',2,2,'FULL'),(186,'Room-782548b9',2,2,'FULL'),(187,'Room-270dd27f',2,2,'FULL'),(188,'Room-bab077f8',2,2,'FULL'),(189,'Room-9e958c90',2,2,'FULL'),(190,'Room-8e47a330',2,2,'FULL'),(191,'Room-1a3d8d37',2,2,'FULL'),(192,'Room-14f33287',2,2,'FULL'),(193,'Room-efb7de62',2,2,'FULL'),(194,'Room-ed278bda',2,2,'FULL'),(195,'Room-45a0c8e2',2,2,'FULL'),(196,'Room-e9d1d613',2,2,'FULL'),(197,'Room-a81b9bd6',2,2,'FULL'),(198,'Room-b7666a70',2,2,'FULL'),(199,'Room-34a732fc',2,2,'FULL'),(200,'Room-3a5f721d',2,1,'WAITING'),(201,'Room-2a54da18',2,2,'FULL'),(202,'Room-c466ccbe',2,3,'FULL'),(203,'Room-91d71d34',2,2,'FULL'),(204,'Room-4d0fc86f',2,2,'FULL'),(205,'Room-8bcd439b',2,2,'FULL'),(206,'Room-22e7bf6d',2,2,'FULL'),(207,'Room-da64b446',2,2,'FULL'),(208,'Room-a2b64192',2,2,'FULL'),(209,'Room-b584ac68',2,2,'FULL'),(210,'Room-a167b933',2,2,'FULL'),(211,'Room-483d25ef',2,2,'FULL'),(212,'Room-d908c4ee',2,2,'FULL'),(213,'Room-16cbd24b',2,2,'FULL'),(214,'Room-fc8f4ceb',2,2,'FULL'),(215,'Room-057100e3',2,2,'FULL'),(216,'Room-739ce82e',2,2,'FULL'),(217,'Room-cfdc0f15',2,2,'FULL'),(218,'Room-86db7ac6',2,2,'FULL'),(219,'Room-80e92acc',2,2,'FULL'),(220,'Room-253f07ff',2,2,'FULL'),(221,'Room-dfc3acd8',2,2,'FULL'),(222,'Room-d5481a2c',2,2,'FULL'),(223,'Room-89a8c13a',2,2,'FULL'),(224,'Room-2b67f885',2,2,'FULL'),(225,'Room-011f80f8',2,2,'FULL'),(226,'Room-4a1da424',2,2,'FULL'),(227,'Room-03cef589',2,2,'FULL'),(228,'Room-975d4717',2,2,'FULL'),(229,'Room-7192c42c',2,2,'FULL'),(230,'Room-483ca52d',2,2,'FULL'),(231,'Room-83d065db',2,2,'FULL'),(232,'Room-666a182a',2,2,'FULL'),(233,'Room-6a399218',2,2,'FULL'),(234,'Room-003da817',2,2,'FULL'),(235,'Room-3ff8ed38',2,2,'FULL'),(236,'Room-39b91929',2,2,'FULL'),(237,'Room-76c91017',2,2,'FULL'),(238,'Room-d8549fae',2,2,'FULL'),(239,'Room-29ecee46',2,2,'FULL'),(240,'Room-4f6e0324',2,2,'FULL'),(241,'Room-f1a75c73',2,2,'FULL'),(242,'Room-a960bb70',2,2,'FULL'),(243,'Room-2e2e40c7',2,2,'FULL'),(244,'Room-a0aa07b2',2,2,'FULL'),(245,'Room-693e5b6e',2,2,'FULL'),(246,'Room-1e13a57a',2,2,'FULL'),(247,'Room-9338ecbb',2,2,'FULL'),(248,'Room-d36e88b3',2,2,'FULL'),(249,'Room-5a703980',2,2,'FULL'),(250,'Room-507b53da',2,2,'FULL'),(251,'Room-60d683d6',2,2,'FULL'),(252,'Room-8c57fc59',2,2,'FULL'),(253,'Room-e8e4db24',2,1,'WAITING'),(254,'Room-b91d35a8',2,2,'FULL'),(255,'Room-9c990a54',2,2,'FULL'),(256,'Room-089b871b',2,2,'FULL'),(257,'Room-4015e17b',2,2,'FULL'),(258,'Room-d5f59014',2,2,'FULL'),(259,'Room-efa96800',2,2,'FULL'),(260,'Room-559088a8',2,2,'FULL'),(261,'Room-ac694118',2,2,'FULL'),(262,'Room-87d93df4',2,2,'FULL'),(263,'Room-a5e7b8d2',2,2,'FULL'),(264,'Room-59a647f0',2,2,'FULL'),(265,'Room-ea56f744',2,2,'FULL'),(266,'Room-f969891f',2,2,'FULL'),(267,'Room-4478ad4a',2,2,'FULL'),(268,'Room-3e40288c',2,3,'FULL'),(269,'Room-8ec6d804',2,2,'FULL'),(270,'Room-543dfcb4',2,2,'FULL'),(271,'Room-4b8d9393',2,2,'FULL'),(272,'Room-7fe0bf67',2,2,'FULL'),(273,'Room-fe2b434f',2,2,'FULL'),(274,'Room-810c7577',2,2,'FULL'),(275,'Room-a69232ea',2,2,'FULL'),(276,'Room-16b18ff8',2,2,'FULL'),(277,'Room-16b2a5f6',2,2,'FULL'),(278,'Room-c79d1142',2,2,'FULL'),(279,'Room-a19d3c1a',2,2,'FULL'),(280,'Room-d167a314',2,2,'FULL'),(281,'Room-b8af7b1c',2,2,'FULL'),(282,'Room-48ef55e5',2,2,'FULL'),(283,'Room-191bea37',2,2,'FULL'),(284,'Room-d28826be',2,2,'FULL'),(285,'Room-72334ddc',2,2,'FULL'),(286,'Room-4426ce9a',2,2,'FULL'),(287,'Room-049fbbf6',2,2,'FULL'),(288,'Room-ff954d22',2,2,'FULL'),(289,'Room-2f6bd3d5',2,2,'FULL'),(290,'Room-1855c098',2,2,'FULL'),(291,'Room-a0483db3',2,2,'FULL'),(292,'Room-7fe148e7',2,3,'FULL'),(293,'Room-588861fd',2,4,'FULL'),(294,'Room-7bdbe8e1',2,6,'FULL'),(295,'Room-7b5e5ebd',2,2,'FULL'),(296,'Room-11d06ac3',2,2,'FULL'),(297,'Room-fdefc1b1',2,3,'FULL'),(298,'Room-2a186b03',2,3,'FULL'),(299,'Room-fe0eb1ba',2,2,'FULL'),(300,'Room-99b18859',2,3,'FULL'),(301,'Room-3738df5d',2,4,'FULL'),(302,'Room-d3c67d8a',2,2,'FULL'),(303,'Room-64350817',2,4,'FULL'),(304,'Room-9b3dd2ed',2,2,'FULL'),(305,'Room-92f588f1',2,2,'FULL'),(306,'Room-36d236ef',2,2,'FULL'),(307,'Room-eb512962',2,2,'FULL'),(308,'Room-f5d13fcf',2,2,'FULL'),(309,'Room-0cd0dd59',2,2,'FULL'),(310,'Room-f4fb3150',2,2,'FULL'),(311,'Room-3f04ce84',2,2,'FULL'),(312,'Room-42207b21',2,2,'FULL'),(313,'Room-22180d76',2,2,'FULL'),(314,'Room-01099b37',2,2,'FULL'),(315,'Room-09b7ece9',2,2,'FULL'),(316,'Room-80168663',2,2,'FULL'),(317,'Room-801419aa',2,1,'WAITING'),(318,'Room-d8f2392b',2,2,'FULL'),(319,'Room-8a352367',2,2,'FULL'),(320,'Room-88b7e6ab',2,2,'FULL'),(321,'Room-5954b3b4',2,2,'FULL'),(322,'Room-0e3b72be',2,2,'FULL'),(323,'Room-25a53891',2,2,'FULL'),(324,'Room-45ef4993',2,2,'FULL'),(325,'Room-c768a402',2,2,'FULL'),(326,'Room-e270a111',2,2,'FULL'),(327,'Room-b93ca556',2,2,'FULL'),(328,'Room-8c83252d',2,2,'FULL'),(329,'Room-67c7de29',2,2,'FULL'),(330,'Room-94b43f55',2,2,'FULL'),(331,'Room-002fcc9f',2,2,'FULL'),(332,'Room-4e3f8a67',2,2,'FULL'),(333,'Room-5867c6b7',2,2,'FULL'),(334,'Room-74e2e1af',2,2,'FULL'),(335,'Room-82bdd9f9',2,2,'FULL'),(336,'Room-c4845ba2',2,2,'FULL'),(337,'Room-613b8284',2,2,'FULL'),(338,'Room-f9a5be56',2,2,'FULL'),(339,'Room-484c73c3',2,2,'FULL'),(340,'Room-643a7e33',2,2,'FULL'),(341,'Room-5f7fe182',2,2,'FULL'),(342,'Room-676ad71d',2,2,'FULL'),(343,'Room-76b565fb',2,2,'FULL'),(344,'Room-f20141cc',2,3,'FULL'),(345,'Room-078df82d',2,2,'FULL'),(346,'Room-a0cf4544',2,2,'FULL'),(347,'Room-6d522949',2,4,'FULL'),(348,'Room-6b8c9183',2,2,'FULL'),(349,'Room-7ab90e82',2,2,'FULL'),(350,'Room-2bcfd7c9',2,3,'FULL'),(351,'Room-76bebe63',2,2,'FULL'),(352,'Room-c0f1b9ef',2,3,'FULL'),(353,'Room-86f7b885',2,2,'FULL'),(354,'Room-e1711fcf',2,2,'FULL'),(355,'Room-e120f1da',2,2,'FULL'),(356,'Room-89cd910e',2,2,'FULL'),(357,'Room-398a0eee',2,2,'FULL'),(358,'Room-ce76c8d4',2,2,'FULL'),(359,'Room-89a9658a',2,2,'FULL'),(360,'Room-3a25182e',2,2,'FULL'),(361,'Room-4e930a1e',2,2,'FULL'),(362,'Room-f35dd3f1',2,2,'FULL'),(363,'Room-074097fb',2,2,'FULL'),(364,'Room-0d3217b9',2,2,'FULL'),(365,'Room-b788717c',2,2,'FULL'),(366,'Room-5a7f00be',2,2,'FULL'),(367,'Room-f71a29f8',2,2,'FULL'),(368,'Room-c432f49e',2,1,'WAITING'),(369,'Room-61fd1335',2,2,'FULL'),(370,'Room-0b9d2e02',2,3,'FULL'),(371,'Room-98c4ba05',2,2,'FULL'),(372,'Room-53865d17',2,2,'FULL'),(373,'Room-41ec4de3',2,3,'FULL'),(374,'Room-8a614268',2,3,'FULL'),(375,'Room-08ef5deb',2,2,'FULL'),(376,'Room-1db3c611',2,6,'FULL'),(377,'Room-e783904b',2,2,'FULL'),(378,'Room-856997b2',2,2,'FULL'),(379,'Room-08b7b8b2',2,2,'FULL'),(380,'Room-d8bbd44a',2,2,'FULL'),(381,'Room-4acc8009',2,2,'FULL'),(382,'Room-68640c93',2,2,'FULL'),(383,'Room-c8f7ea1f',2,3,'FULL'),(384,'Room-f56bfbe2',2,2,'FULL'),(385,'Room-d2b734ac',2,2,'FULL'),(386,'Room-d23c0473',2,2,'FULL'),(387,'Room-56f391d9',2,2,'FULL'),(388,'Room-e73baf5f',2,2,'FULL'),(389,'Room-8ea2f60b',2,2,'FULL'),(390,'Room-e51ee028',2,2,'FULL'),(391,'Room-87352ec6',2,1,'WAITING'),(392,'Room-a5642c87',2,1,'WAITING'),(393,'Room-d5a5850a',2,1,'WAITING'),(394,'Room-195df643',2,2,'FULL'),(395,'Room-f43805bf',2,2,'FULL'),(396,'Room-5dd0c6fa',2,1,'WAITING'),(397,'Room-3fd760c6',2,2,'FULL'),(398,'Room-7f114a0a',2,2,'FULL'),(399,'Room-ab07a6ec',2,2,'FULL'),(400,'Room-9fc40873',2,5,'FULL'),(401,'Room-674fe5cf',2,3,'FULL'),(402,'Room-d41b2121',2,3,'FULL'),(403,'Room-86b5f4ce',2,3,'FULL'),(404,'Room-23059829',2,3,'FULL'),(405,'Room-9ea1bc84',2,2,'FULL'),(406,'Room-8cd1106a',2,2,'FULL'),(407,'Room-5446627e',2,3,'FULL'),(408,'Room-09849484',2,3,'FULL'),(409,'Room-d09c2a62',2,3,'FULL'),(410,'Room-f2d85b0a',2,2,'FULL'),(411,'Room-4ac1ebe6',2,3,'FULL'),(412,'Room-272d8073',2,3,'FULL'),(413,'Room-024ccca1',2,3,'FULL'),(414,'Room-74051179',2,3,'FULL'),(415,'Room-74cfae74',2,3,'FULL'),(416,'Room-f889b212',2,2,'FULL'),(417,'Room-42fdd438',2,5,'FULL'),(418,'Room-85726ca3',2,2,'FULL'),(419,'Room-2367c58d',2,3,'FULL'),(420,'Room-b5875d31',2,3,'FULL'),(421,'Room-baab2735',2,2,'FULL'),(422,'Room-38a21978',2,3,'FULL'),(423,'Room-0c951dba',2,3,'FULL'),(424,'Room-ad116767',2,3,'FULL'),(425,'Room-c6152072',2,2,'FULL'),(426,'Room-0677e406',2,2,'FULL'),(427,'Room-cc6f78d7',2,2,'FULL'),(428,'Room-4ea71adf',2,2,'FULL'),(429,'Room-fe2ec378',2,2,'FULL'),(430,'Room-c2881e67',2,3,'FULL'),(431,'Room-4638a119',2,3,'FULL'),(432,'Room-8acf66aa',2,3,'FULL'),(433,'Room-8b5dbc79',2,5,'FULL'),(434,'Room-d2d96117',2,2,'FULL'),(435,'Room-63446ad8',2,2,'FULL'),(436,'Room-24b3ef07',2,3,'FULL'),(437,'Room-ba38e222',2,3,'FULL'),(438,'Room-add76dda',2,2,'FULL'),(439,'Room-50c981c8',2,3,'FULL'),(440,'Room-409e3258',2,1,'WAITING'),(441,'Room-e845f524',2,3,'FULL'),(442,'Room-244607ab',2,2,'FULL'),(443,'Room-dc6875a5',2,2,'FULL'),(444,'Room-f653e101',2,3,'FULL'),(445,'Room-f6363ef3',2,4,'FULL'),(446,'Room-35e6f4d5',2,2,'FULL'),(447,'Room-85d36bbe',2,3,'FULL'),(448,'Room-741c10a3',2,2,'FULL'),(449,'Room-a99359fc',2,2,'FULL'),(450,'Room-8ad9e942',2,2,'FULL'),(451,'Room-21202f6a',2,2,'FULL'),(452,'Room-2d8fefb4',2,2,'FULL'),(453,'Room-5cff134f',2,2,'FULL'),(454,'Room-fd7b60e9',2,4,'FULL'),(455,'Room-af8279cb',2,2,'FULL'),(456,'Room-25fa7599',2,1,'WAITING'),(457,'Room-1af1a446',2,1,'WAITING'),(458,'Room-28fbc68d',2,2,'FULL'),(459,'Room-d8dd5ce5',2,4,'FULL'),(460,'Room-58af08f1',2,1,'WAITING'),(461,'Room-7a30f047',2,2,'FULL'),(462,'Room-8f9158af',2,4,'FULL'),(463,'Room-746f92e0',2,2,'FULL'),(464,'Room-4caf424f',2,3,'FULL'),(465,'Room-43a31603',2,8,'FULL'),(466,'Room-770c8fd9',2,3,'FULL'),(467,'Room-442ddd34',2,2,'FULL'),(468,'Room-69d6ca80',2,3,'FULL'),(469,'Room-88c1f1d5',2,3,'FULL'),(470,'Room-e4d6adcc',2,2,'FULL'),(471,'Room-c528b3e8',2,2,'FULL'),(472,'Room-3c1d3519',2,4,'FULL');
/*!40000 ALTER TABLE `gameroom` ENABLE KEYS */;
UNLOCK TABLES;

--
-- Table structure for table `gameroomplayer`
--

DROP TABLE IF EXISTS `gameroomplayer`;
/*!40101 SET @saved_cs_client     = @@character_set_client */;
/*!50503 SET character_set_client = utf8mb4 */;
CREATE TABLE `gameroomplayer` (
                                  `roomPlayerId` int NOT NULL AUTO_INCREMENT,
                                  `userId` int DEFAULT NULL,
                                  `roomId` int DEFAULT NULL,
                                  `joinedTime` datetime DEFAULT NULL,
                                  `isActive` tinyint(1) DEFAULT NULL,
                                  PRIMARY KEY (`roomPlayerId`),
                                  KEY `userId` (`userId`),
                                  KEY `roomId` (`roomId`),
                                  CONSTRAINT `gameroomplayer_ibfk_1` FOREIGN KEY (`userId`) REFERENCES `user` (`userId`),
                                  CONSTRAINT `gameroomplayer_ibfk_2` FOREIGN KEY (`roomId`) REFERENCES `gameroom` (`roomId`)
) ENGINE=InnoDB AUTO_INCREMENT=1028 DEFAULT CHARSET=utf8mb4 COLLATE=utf8mb4_0900_ai_ci;
/*!40101 SET character_set_client = @saved_cs_client */;

--
-- Dumping data for table `gameroomplayer`
--

LOCK TABLES `gameroomplayer` WRITE;
/*!40000 ALTER TABLE `gameroomplayer` DISABLE KEYS */;
INSERT INTO `gameroomplayer` VALUES (1,1,1,'2024-10-03 10:00:00',1),(2,2,1,'2024-10-03 10:05:00',1),(3,4,14,NULL,NULL),(4,4,15,NULL,1),(5,4,16,NULL,1),(6,4,1,NULL,1),(7,4,1,NULL,1),(8,4,1,NULL,1),(9,4,17,NULL,1),(10,4,18,NULL,1),(11,4,19,NULL,1),(12,4,20,NULL,1),(13,4,21,NULL,1),(14,6,21,NULL,1),(15,4,22,NULL,1),(16,6,22,NULL,1),(17,4,23,NULL,1),(18,6,23,NULL,1),(19,4,24,NULL,1),(20,6,24,NULL,1),(21,4,25,NULL,1),(22,6,25,NULL,1),(23,4,26,NULL,1),(24,6,26,NULL,1),(25,4,27,NULL,1),(26,6,27,NULL,1),(27,4,28,NULL,1),(28,6,28,NULL,1),(29,4,29,NULL,1),(30,6,29,NULL,1),(31,4,30,NULL,1),(32,6,30,NULL,1),(33,4,31,NULL,1),(34,6,31,NULL,1),(35,4,32,NULL,1),(36,6,32,NULL,1),(37,4,33,NULL,1),(38,6,33,NULL,1),(39,4,34,NULL,1),(40,6,34,NULL,1),(41,4,35,NULL,1),(42,6,35,NULL,1),(43,4,36,NULL,1),(44,6,36,NULL,1),(45,4,37,NULL,1),(46,6,37,NULL,1),(47,4,38,NULL,1),(48,6,38,NULL,1),(49,4,39,NULL,1),(50,6,39,NULL,1),(51,4,1,NULL,1),(52,4,40,NULL,1),(53,6,40,NULL,1),(54,4,41,NULL,1),(55,4,42,NULL,1),(56,6,42,NULL,1),(57,4,43,NULL,1),(58,6,43,NULL,1),(59,4,44,NULL,1),(60,6,44,NULL,1),(61,4,45,NULL,1),(62,6,45,NULL,1),(63,4,46,NULL,1),(64,6,46,NULL,1),(65,4,47,NULL,1),(66,6,47,NULL,1),(67,4,48,NULL,1),(68,6,48,NULL,1),(69,4,49,NULL,1),(70,6,49,NULL,1),(71,4,50,NULL,1),(72,4,51,NULL,1),(73,6,51,NULL,1),(74,4,52,NULL,1),(75,6,52,NULL,1),(76,4,53,NULL,1),(77,6,53,NULL,1),(78,4,54,NULL,1),(79,6,54,NULL,1),(80,4,55,NULL,1),(81,4,56,NULL,1),(82,6,57,NULL,1),(83,6,58,NULL,1),(84,6,59,NULL,1),(85,4,60,NULL,1),(86,6,60,NULL,1),(87,4,61,NULL,1),(88,6,61,NULL,1),(89,4,62,NULL,1),(90,6,62,NULL,1),(91,4,63,NULL,1),(92,6,63,NULL,1),(93,4,64,NULL,1),(94,6,64,NULL,1),(95,4,65,NULL,1),(96,6,65,NULL,1),(97,4,66,NULL,1),(98,6,66,NULL,1),(99,4,67,NULL,1),(100,6,67,NULL,1),(101,4,68,NULL,1),(102,6,68,NULL,1),(103,4,69,NULL,1),(104,6,69,NULL,1),(105,4,70,NULL,1),(106,6,70,NULL,1),(107,4,71,NULL,1),(108,6,71,NULL,1),(109,4,72,NULL,1),(110,6,72,NULL,1),(111,4,73,NULL,1),(112,4,74,NULL,1),(113,4,75,NULL,1),(114,4,76,NULL,1),(115,4,77,NULL,1),(116,4,78,NULL,1),(117,4,79,NULL,1),(118,4,80,NULL,1),(119,4,81,NULL,1),(120,4,82,NULL,1),(121,4,83,NULL,1),(122,4,84,NULL,1),(123,4,85,NULL,1),(124,4,86,NULL,1),(125,4,87,NULL,1),(126,4,88,NULL,1),(127,4,89,NULL,1),(128,4,90,NULL,1),(129,6,90,NULL,1),(130,4,91,NULL,1),(131,4,92,NULL,1),(132,4,93,NULL,1),(133,4,94,NULL,1),(134,4,95,NULL,1),(135,4,96,NULL,1),(136,6,96,NULL,1),(137,6,97,NULL,1),(138,4,97,NULL,1),(139,4,98,NULL,1),(140,6,98,NULL,1),(141,4,99,NULL,1),(142,6,99,NULL,1),(143,4,100,NULL,1),(144,6,100,NULL,1),(145,4,101,NULL,1),(146,4,102,NULL,1),(147,4,103,NULL,1),(148,6,103,NULL,1),(149,4,104,NULL,1),(150,6,104,NULL,1),(151,4,105,NULL,1),(152,6,105,NULL,1),(153,4,106,NULL,1),(154,4,107,NULL,1),(155,4,108,NULL,1),(156,4,109,NULL,1),(157,6,109,NULL,1),(158,4,110,NULL,1),(159,6,110,NULL,1),(160,4,111,NULL,1),(161,6,111,NULL,1),(162,4,112,NULL,1),(163,6,112,NULL,1),(164,4,113,NULL,1),(165,6,113,NULL,1),(166,4,114,NULL,1),(167,6,114,NULL,1),(168,4,115,NULL,1),(169,6,115,NULL,1),(170,4,116,NULL,1),(171,6,116,NULL,1),(172,4,117,NULL,1),(173,6,117,NULL,1),(174,6,118,NULL,1),(175,4,118,NULL,1),(176,4,119,NULL,1),(177,6,119,NULL,1),(178,4,120,NULL,1),(179,6,120,NULL,1),(180,4,121,NULL,1),(181,6,121,NULL,1),(182,4,122,NULL,1),(183,6,122,NULL,1),(184,4,123,NULL,1),(185,6,123,NULL,1),(186,4,124,NULL,1),(187,6,124,NULL,1),(188,4,125,NULL,1),(189,6,125,NULL,1),(190,4,126,NULL,1),(191,6,126,NULL,1),(192,4,127,NULL,1),(193,6,127,NULL,1),(194,4,128,NULL,1),(195,6,128,NULL,1),(196,4,129,NULL,1),(197,6,129,NULL,1),(198,4,130,NULL,1),(199,6,130,NULL,1),(200,4,131,NULL,1),(201,6,131,NULL,1),(202,4,132,NULL,1),(203,6,132,NULL,1),(204,4,133,NULL,1),(205,6,133,NULL,1),(206,4,134,NULL,1),(207,6,134,NULL,1),(208,4,135,NULL,1),(209,6,135,NULL,1),(210,4,136,NULL,1),(211,4,137,NULL,1),(212,6,137,NULL,1),(213,4,138,NULL,1),(214,6,138,NULL,1),(215,4,139,NULL,1),(216,6,139,NULL,1),(217,4,140,NULL,1),(218,6,140,NULL,1),(219,4,141,NULL,1),(220,6,141,NULL,1),(221,4,142,NULL,1),(222,6,142,NULL,1),(223,4,143,NULL,1),(224,6,143,NULL,1),(225,4,144,NULL,1),(226,6,144,NULL,1),(227,4,145,NULL,1),(228,6,145,NULL,1),(229,4,146,NULL,1),(230,6,146,NULL,1),(231,4,147,NULL,1),(232,6,147,NULL,1),(233,4,148,NULL,1),(234,6,148,NULL,1),(235,4,149,NULL,1),(236,6,149,NULL,1),(237,4,150,NULL,1),(238,6,150,NULL,1),(239,4,151,NULL,1),(240,6,151,NULL,1),(241,4,152,NULL,1),(242,6,152,NULL,1),(243,4,153,NULL,1),(244,6,153,NULL,1),(245,4,154,NULL,1),(246,6,154,NULL,1),(247,4,155,NULL,1),(248,6,155,NULL,1),(249,4,156,NULL,1),(250,6,156,NULL,1),(251,4,157,NULL,1),(252,6,157,NULL,1),(253,4,158,NULL,1),(254,6,158,NULL,1),(255,4,159,NULL,1),(256,6,159,NULL,1),(257,4,160,NULL,1),(258,6,160,NULL,1),(259,4,161,NULL,1),(260,6,161,NULL,1),(261,4,162,NULL,1),(262,6,162,NULL,1),(263,4,163,NULL,1),(264,6,163,NULL,1),(265,4,164,NULL,1),(266,6,164,NULL,1),(267,4,165,NULL,1),(268,6,165,NULL,1),(269,4,166,NULL,1),(270,6,166,NULL,1),(271,4,167,NULL,1),(272,6,167,NULL,1),(273,4,168,NULL,1),(274,6,168,NULL,1),(275,4,169,NULL,1),(276,6,169,NULL,1),(277,4,170,NULL,1),(278,6,170,NULL,1),(279,4,171,NULL,1),(280,6,171,NULL,1),(281,4,172,NULL,1),(282,6,172,NULL,1),(283,4,173,NULL,1),(284,6,173,NULL,1),(285,4,174,NULL,1),(286,6,174,NULL,1),(287,4,175,NULL,1),(288,6,175,NULL,1),(289,4,176,NULL,1),(290,6,176,NULL,1),(291,4,177,NULL,1),(292,6,177,NULL,1),(293,4,178,NULL,1),(294,6,178,NULL,1),(295,4,179,NULL,1),(296,6,179,NULL,1),(297,4,180,NULL,1),(298,6,180,NULL,1),(299,4,181,NULL,1),(300,6,181,NULL,1),(301,4,182,NULL,1),(302,6,182,NULL,1),(303,4,183,NULL,1),(304,6,183,NULL,1),(305,4,184,NULL,1),(306,6,184,NULL,1),(307,4,185,NULL,1),(308,6,185,NULL,1),(309,4,186,NULL,1),(310,6,186,NULL,1),(311,4,187,NULL,1),(312,6,187,NULL,1),(313,4,188,NULL,1),(314,6,188,NULL,1),(315,4,189,NULL,1),(316,6,189,NULL,1),(317,4,190,NULL,1),(318,6,190,NULL,1),(319,4,191,NULL,1),(320,6,191,NULL,1),(321,4,192,NULL,1),(322,6,192,NULL,1),(323,4,193,NULL,1),(324,6,193,NULL,1),(325,4,194,NULL,1),(326,6,194,NULL,1),(327,4,195,NULL,1),(328,6,195,NULL,1),(329,4,196,NULL,1),(330,6,196,NULL,1),(331,4,197,NULL,1),(332,6,197,NULL,1),(333,4,198,NULL,1),(334,6,198,NULL,1),(335,4,199,NULL,1),(336,6,199,NULL,1),(337,4,200,NULL,1),(338,4,201,NULL,1),(339,6,201,NULL,1),(340,6,202,NULL,1),(341,4,202,NULL,1),(342,4,202,NULL,1),(343,4,203,NULL,1),(344,6,203,NULL,1),(345,4,204,NULL,1),(346,6,204,NULL,1),(347,4,205,NULL,1),(348,6,205,NULL,1),(349,4,206,NULL,1),(350,6,206,NULL,1),(351,4,207,NULL,1),(352,6,207,NULL,1),(353,4,208,NULL,1),(354,6,208,NULL,1),(355,4,209,NULL,1),(356,6,209,NULL,1),(357,4,210,NULL,1),(358,6,210,NULL,1),(359,4,211,NULL,1),(360,6,211,NULL,1),(361,4,212,NULL,1),(362,6,212,NULL,1),(363,4,213,NULL,1),(364,6,213,NULL,1),(365,4,214,NULL,1),(366,6,214,NULL,1),(367,4,215,NULL,1),(368,6,215,NULL,1),(369,4,216,NULL,1),(370,6,216,NULL,1),(371,4,217,NULL,1),(372,6,217,NULL,1),(373,4,218,NULL,1),(374,6,218,NULL,1),(375,4,219,NULL,1),(376,6,219,NULL,1),(377,4,220,NULL,1),(378,6,220,NULL,1),(379,4,221,NULL,1),(380,6,221,NULL,1),(381,4,222,NULL,1),(382,6,222,NULL,1),(383,4,223,NULL,1),(384,6,223,NULL,1),(385,4,224,NULL,1),(386,6,224,NULL,1),(387,4,225,NULL,1),(388,6,225,NULL,1),(389,4,226,NULL,1),(390,6,226,NULL,1),(391,4,227,NULL,1),(392,6,227,NULL,1),(393,4,228,NULL,1),(394,6,228,NULL,1),(395,4,229,NULL,1),(396,6,229,NULL,1),(397,4,230,NULL,1),(398,6,230,NULL,1),(399,4,231,NULL,1),(400,6,231,NULL,1),(401,4,232,NULL,1),(402,6,232,NULL,1),(403,4,233,NULL,1),(404,6,233,NULL,1),(405,4,234,NULL,1),(406,6,234,NULL,1),(407,4,235,NULL,1),(408,6,235,NULL,1),(409,4,236,NULL,1),(410,6,236,NULL,1),(411,4,237,NULL,1),(412,6,237,NULL,1),(413,4,238,NULL,1),(414,6,238,NULL,1),(415,4,239,NULL,1),(416,6,239,NULL,1),(417,4,240,NULL,1),(418,6,240,NULL,1),(419,4,241,NULL,1),(420,6,241,NULL,1),(421,4,242,NULL,1),(422,6,242,NULL,1),(423,4,243,NULL,1),(424,6,243,NULL,1),(425,4,244,NULL,1),(426,6,244,NULL,1),(427,4,245,NULL,1),(428,6,245,NULL,1),(429,4,246,NULL,1),(430,6,246,NULL,1),(431,4,247,NULL,1),(432,6,247,NULL,1),(433,4,248,NULL,1),(434,6,248,NULL,1),(435,4,249,NULL,1),(436,6,249,NULL,1),(437,4,250,NULL,1),(438,6,250,NULL,1),(439,4,251,NULL,1),(440,6,251,NULL,1),(441,4,252,NULL,1),(442,6,252,NULL,1),(443,4,253,NULL,1),(444,4,254,NULL,1),(445,6,254,NULL,1),(446,4,255,NULL,1),(447,6,255,NULL,1),(448,4,256,NULL,1),(449,6,256,NULL,1),(450,4,257,NULL,1),(451,6,257,NULL,1),(452,4,258,NULL,1),(453,6,258,NULL,1),(454,4,259,NULL,1),(455,6,259,NULL,1),(456,4,260,NULL,1),(457,6,260,NULL,1),(458,4,261,NULL,1),(459,6,261,NULL,1),(460,4,262,NULL,1),(461,6,262,NULL,1),(462,4,263,NULL,1),(463,6,263,NULL,1),(464,4,264,NULL,1),(465,6,264,NULL,1),(466,4,265,NULL,1),(467,6,265,NULL,1),(468,4,266,NULL,1),(469,6,266,NULL,1),(470,4,267,NULL,1),(471,6,267,NULL,1),(472,4,268,NULL,1),(473,6,268,NULL,1),(474,4,269,NULL,1),(475,6,269,NULL,1),(476,4,270,NULL,1),(477,6,270,NULL,1),(478,4,271,NULL,1),(479,6,271,NULL,1),(480,4,272,NULL,1),(481,6,272,NULL,1),(482,4,273,NULL,1),(483,6,273,NULL,1),(484,4,274,NULL,1),(485,6,274,NULL,1),(486,4,275,NULL,1),(487,6,275,NULL,1),(488,4,276,NULL,1),(489,6,276,NULL,1),(490,4,277,NULL,1),(491,6,277,NULL,1),(492,4,278,NULL,1),(493,6,278,NULL,1),(494,4,279,NULL,1),(495,6,279,NULL,1),(496,4,280,NULL,1),(497,6,280,NULL,1),(498,4,281,NULL,1),(499,6,281,NULL,1),(500,4,282,NULL,1),(501,6,282,NULL,1),(502,4,283,NULL,1),(503,6,283,NULL,1),(504,4,284,NULL,1),(505,6,284,NULL,1),(506,4,285,NULL,1),(507,6,285,NULL,1),(508,4,286,NULL,1),(509,6,286,NULL,1),(510,4,287,NULL,1),(511,6,287,NULL,1),(512,4,288,NULL,1),(513,6,288,NULL,1),(514,4,289,NULL,1),(515,6,289,NULL,1),(516,4,290,NULL,1),(517,6,290,NULL,1),(518,4,291,NULL,1),(519,6,291,NULL,1),(520,4,292,NULL,1),(521,6,292,NULL,1),(523,4,292,NULL,1),(524,4,293,NULL,1),(525,6,293,NULL,1),(526,4,293,NULL,1),(527,6,293,NULL,1),(528,4,293,NULL,1),(529,6,293,NULL,1),(530,4,294,NULL,1),(531,6,294,NULL,1),(532,6,294,NULL,1),(533,6,294,NULL,1),(534,6,294,NULL,1),(535,4,294,NULL,1),(536,6,294,NULL,1),(537,4,295,NULL,1),(538,6,295,NULL,1),(539,4,296,NULL,1),(540,6,296,NULL,1),(541,4,297,NULL,1),(542,6,297,NULL,1),(543,4,297,NULL,1),(544,6,297,NULL,1),(545,4,298,NULL,1),(546,6,298,NULL,1),(547,4,298,NULL,1),(548,6,298,NULL,1),(549,4,299,NULL,1),(550,6,299,NULL,1),(551,4,300,NULL,1),(552,6,300,NULL,1),(553,4,300,NULL,1),(554,6,300,NULL,1),(555,4,301,NULL,1),(556,6,301,NULL,1),(557,4,301,NULL,1),(558,6,301,NULL,1),(559,4,301,NULL,1),(560,6,301,NULL,1),(561,4,302,NULL,1),(562,6,302,NULL,1),(563,4,303,NULL,1),(564,6,303,NULL,1),(565,4,303,NULL,1),(566,6,303,NULL,1),(567,4,303,NULL,1),(568,6,303,NULL,1),(569,4,304,NULL,1),(570,6,304,NULL,1),(571,4,305,NULL,1),(572,6,305,NULL,1),(573,4,306,NULL,1),(574,6,306,NULL,1),(575,4,307,NULL,1),(576,6,307,NULL,1),(577,4,308,NULL,1),(578,6,308,NULL,1),(579,4,309,NULL,1),(580,6,309,NULL,1),(581,4,310,NULL,1),(582,6,310,NULL,1),(583,4,311,NULL,1),(584,6,311,NULL,1),(585,4,312,NULL,1),(586,6,312,NULL,1),(587,4,313,NULL,1),(588,6,313,NULL,1),(589,4,314,NULL,1),(590,6,314,NULL,1),(591,4,315,NULL,1),(592,6,315,NULL,1),(593,4,316,NULL,1),(594,6,316,NULL,1),(595,4,317,NULL,1),(596,4,318,NULL,1),(597,6,318,NULL,1),(598,4,319,NULL,1),(599,6,319,NULL,1),(600,4,320,NULL,1),(601,6,320,NULL,1),(602,4,321,NULL,1),(603,6,321,NULL,1),(604,4,322,NULL,1),(605,6,322,NULL,1),(606,4,323,NULL,1),(607,6,323,NULL,1),(608,4,324,NULL,1),(609,6,324,NULL,1),(610,4,325,NULL,1),(611,6,325,NULL,1),(612,4,326,NULL,1),(613,6,326,NULL,1),(614,4,327,NULL,1),(615,6,327,NULL,1),(616,4,328,NULL,1),(617,6,328,NULL,1),(618,4,329,NULL,1),(619,6,329,NULL,1),(620,4,330,NULL,1),(621,6,330,NULL,1),(622,4,331,NULL,1),(623,6,331,NULL,1),(624,4,332,NULL,1),(625,6,332,NULL,1),(626,4,333,NULL,1),(627,6,333,NULL,1),(628,4,334,NULL,1),(629,6,334,NULL,1),(630,4,335,NULL,1),(631,6,335,NULL,1),(632,4,336,NULL,1),(633,6,336,NULL,1),(634,4,337,NULL,1),(635,6,337,NULL,1),(636,4,338,NULL,1),(637,6,338,NULL,1),(638,4,339,NULL,1),(639,6,339,NULL,1),(640,4,340,NULL,1),(641,6,340,NULL,1),(642,4,341,NULL,1),(643,6,341,NULL,1),(644,4,342,NULL,1),(645,6,342,NULL,1),(646,4,343,NULL,1),(647,6,343,NULL,1),(648,4,344,NULL,1),(649,6,344,NULL,1),(650,6,344,NULL,1),(651,4,345,NULL,1),(652,6,345,NULL,1),(653,4,346,NULL,1),(654,6,346,NULL,1),(655,4,347,NULL,1),(656,6,347,NULL,1),(657,4,347,NULL,1),(658,6,347,NULL,1),(659,6,347,NULL,1),(660,4,347,NULL,1),(661,4,348,NULL,1),(662,6,348,NULL,1),(663,4,349,NULL,1),(664,6,349,NULL,1),(665,4,349,NULL,1),(666,4,350,NULL,1),(667,6,350,NULL,1),(668,4,350,NULL,1),(669,6,350,NULL,1),(670,4,351,NULL,1),(671,6,351,NULL,1),(672,4,352,NULL,1),(673,6,352,NULL,1),(674,6,352,NULL,1),(675,4,353,NULL,1),(676,6,353,NULL,1),(677,4,354,NULL,1),(678,6,354,NULL,1),(679,4,355,NULL,1),(680,6,355,NULL,1),(681,4,356,NULL,1),(682,6,356,NULL,1),(683,4,357,NULL,1),(684,6,357,NULL,1),(685,4,358,NULL,1),(686,6,358,NULL,1),(687,4,359,NULL,1),(688,6,359,NULL,1),(689,4,360,NULL,1),(690,6,360,NULL,1),(691,4,361,NULL,1),(692,6,361,NULL,1),(693,4,362,NULL,1),(694,6,362,NULL,1),(695,4,363,NULL,1),(696,6,363,NULL,1),(697,4,364,NULL,1),(698,6,364,NULL,1),(699,4,365,NULL,1),(700,6,365,NULL,1),(701,4,366,NULL,1),(702,6,366,NULL,1),(703,4,367,NULL,1),(704,6,367,NULL,1),(705,4,368,NULL,1),(706,6,268,NULL,1),(707,4,369,NULL,1),(708,6,369,NULL,1),(709,4,370,NULL,1),(710,6,370,NULL,1),(711,4,370,NULL,1),(712,6,370,NULL,1),(713,4,371,NULL,1),(714,6,371,NULL,1),(715,4,372,NULL,1),(716,6,372,NULL,1),(717,4,373,NULL,1),(718,6,373,NULL,1),(719,6,373,NULL,1),(720,4,374,NULL,1),(721,6,374,NULL,1),(722,4,374,NULL,1),(723,6,374,NULL,1),(724,4,375,NULL,1),(725,6,375,NULL,1),(726,4,375,NULL,1),(727,4,376,NULL,1),(728,6,376,NULL,1),(729,4,376,NULL,1),(730,6,376,NULL,1),(731,4,376,NULL,1),(732,6,376,NULL,1),(733,4,376,NULL,1),(734,6,376,NULL,1),(735,6,376,NULL,1),(736,4,376,NULL,1),(737,4,377,NULL,1),(738,6,377,NULL,1),(739,4,378,NULL,1),(740,6,378,NULL,1),(741,4,379,NULL,1),(742,6,379,NULL,1),(743,4,380,NULL,1),(744,6,380,NULL,1),(745,4,381,NULL,1),(746,6,381,NULL,1),(747,4,382,NULL,1),(748,6,382,NULL,1),(749,4,383,NULL,1),(750,6,383,NULL,1),(751,6,383,NULL,1),(752,4,384,NULL,1),(753,6,384,NULL,1),(754,4,385,NULL,1),(755,6,385,NULL,1),(756,4,386,NULL,1),(757,6,386,NULL,1),(758,4,387,NULL,1),(759,6,387,NULL,1),(760,4,388,NULL,1),(761,6,388,NULL,1),(762,4,389,NULL,1),(763,6,389,NULL,1),(764,4,390,NULL,1),(765,6,390,NULL,1),(766,4,391,NULL,1),(767,4,392,NULL,1),(768,4,393,NULL,1),(769,4,394,NULL,1),(770,6,394,NULL,1),(771,4,395,NULL,1),(772,6,395,NULL,1),(773,6,396,NULL,1),(774,4,397,NULL,1),(775,6,397,NULL,1),(776,4,398,NULL,1),(777,6,398,NULL,1),(778,4,399,NULL,1),(779,6,399,NULL,1),(780,4,400,NULL,1),(781,6,400,NULL,1),(782,4,400,NULL,1),(783,6,400,NULL,1),(784,4,400,NULL,1),(785,6,400,NULL,1),(786,6,400,NULL,1),(787,4,401,NULL,1),(788,6,401,NULL,1),(789,4,401,NULL,1),(790,6,401,NULL,1),(791,4,402,NULL,1),(792,6,402,NULL,1),(793,4,402,NULL,1),(794,6,402,NULL,1),(795,4,403,NULL,1),(796,6,403,NULL,1),(797,4,403,NULL,1),(798,6,403,NULL,1),(799,4,404,NULL,1),(800,6,404,NULL,1),(801,4,404,NULL,1),(802,6,404,NULL,1),(803,4,405,NULL,1),(804,6,405,NULL,1),(805,4,406,NULL,1),(806,6,406,NULL,1),(807,4,407,NULL,1),(808,6,407,NULL,1),(809,4,407,NULL,1),(810,6,407,NULL,1),(811,4,408,NULL,1),(812,6,408,NULL,1),(813,6,408,NULL,1),(814,4,409,NULL,1),(815,6,409,NULL,1),(816,4,409,NULL,1),(817,6,409,NULL,1),(818,4,410,NULL,1),(819,6,410,NULL,1),(820,4,411,NULL,1),(821,6,411,NULL,1),(822,4,411,NULL,1),(823,6,411,NULL,1),(824,4,412,NULL,1),(825,6,412,NULL,1),(826,4,412,NULL,1),(827,6,412,NULL,1),(828,4,413,NULL,1),(829,6,413,NULL,1),(830,4,413,NULL,1),(831,6,413,NULL,1),(832,4,414,NULL,1),(833,6,414,NULL,1),(834,4,414,NULL,1),(835,6,414,NULL,1),(836,4,415,NULL,1),(837,6,415,NULL,1),(838,4,415,NULL,1),(839,6,415,NULL,1),(840,4,416,NULL,1),(841,6,416,NULL,1),(842,4,417,NULL,1),(843,6,417,NULL,1),(844,4,417,NULL,1),(845,6,417,NULL,1),(846,4,417,NULL,1),(847,6,417,NULL,1),(848,4,417,NULL,1),(849,6,417,NULL,1),(850,4,418,NULL,1),(851,6,418,NULL,1),(852,4,419,NULL,1),(853,6,419,NULL,1),(854,4,419,NULL,1),(855,6,419,NULL,1),(856,4,420,NULL,1),(857,6,420,NULL,1),(858,4,420,NULL,1),(859,6,420,NULL,1),(860,4,421,NULL,1),(861,6,421,NULL,1),(862,4,422,NULL,1),(863,6,422,NULL,1),(864,4,422,NULL,1),(865,6,422,NULL,1),(866,4,423,NULL,1),(867,6,423,NULL,1),(868,4,423,NULL,1),(869,6,423,NULL,1),(870,4,424,NULL,1),(871,6,424,NULL,1),(872,4,424,NULL,1),(873,6,424,NULL,1),(874,4,425,NULL,1),(875,6,425,NULL,1),(876,4,426,NULL,1),(877,6,426,NULL,1),(878,4,427,NULL,1),(879,6,427,NULL,1),(880,4,428,NULL,1),(881,6,428,NULL,1),(882,4,429,NULL,1),(883,6,429,NULL,1),(884,4,429,NULL,1),(885,4,430,NULL,1),(886,6,430,NULL,1),(887,6,430,NULL,1),(888,4,431,NULL,1),(889,6,431,NULL,1),(890,4,431,NULL,1),(891,6,431,NULL,1),(892,4,432,NULL,1),(893,6,432,NULL,1),(894,4,432,NULL,1),(895,6,432,NULL,1),(896,4,433,NULL,1),(897,6,433,NULL,1),(898,4,433,NULL,1),(899,6,433,NULL,1),(900,4,433,NULL,1),(901,6,433,NULL,1),(902,4,433,NULL,1),(903,6,433,NULL,1),(904,4,434,NULL,1),(905,6,434,NULL,1),(906,4,435,NULL,1),(907,6,435,NULL,1),(908,4,436,NULL,1),(909,6,436,NULL,1),(910,6,436,NULL,1),(911,4,437,NULL,1),(912,6,437,NULL,1),(913,6,437,NULL,1),(914,4,438,NULL,1),(915,6,438,NULL,1),(916,4,439,NULL,1),(917,6,439,NULL,1),(918,4,439,NULL,1),(919,6,439,NULL,1),(920,4,440,NULL,1),(921,4,441,NULL,1),(922,6,441,NULL,1),(923,4,441,NULL,1),(924,6,441,NULL,1),(925,4,442,NULL,1),(926,6,442,NULL,1),(927,4,443,NULL,1),(928,6,443,NULL,1),(929,4,444,NULL,1),(930,6,444,NULL,1),(931,4,444,NULL,1),(932,6,444,NULL,1),(933,4,445,NULL,1),(934,6,445,NULL,1),(935,4,445,NULL,1),(936,6,445,NULL,1),(937,4,445,NULL,1),(938,6,445,NULL,1),(939,4,446,NULL,1),(940,6,446,NULL,1),(941,4,447,NULL,1),(942,6,447,NULL,1),(943,4,447,NULL,1),(944,6,447,NULL,1),(945,4,448,NULL,1),(946,6,448,NULL,1),(947,4,449,NULL,1),(948,6,449,NULL,1),(949,4,450,NULL,1),(950,6,450,NULL,1),(951,6,451,NULL,1),(952,4,451,NULL,1),(953,4,452,NULL,1),(954,6,452,NULL,1),(955,4,453,NULL,1),(956,6,453,NULL,1),(957,4,454,NULL,1),(958,6,454,NULL,1),(959,4,454,NULL,1),(960,6,454,NULL,1),(961,4,454,NULL,1),(962,6,454,NULL,1),(963,6,455,NULL,1),(964,4,455,NULL,1),(965,6,456,NULL,1),(966,6,457,NULL,1),(967,4,458,NULL,1),(968,6,458,NULL,1),(969,4,459,NULL,1),(970,6,459,NULL,1),(971,4,459,NULL,1),(972,6,459,NULL,1),(973,4,459,NULL,1),(974,6,459,NULL,1),(975,6,460,NULL,1),(976,4,461,NULL,1),(977,6,461,NULL,1),(978,4,462,NULL,1),(979,6,462,NULL,1),(980,4,462,NULL,1),(981,6,462,NULL,1),(982,6,462,NULL,1),(983,4,463,NULL,1),(984,6,463,NULL,1),(985,4,464,NULL,1),(986,6,464,NULL,1),(987,4,464,NULL,1),(988,6,464,NULL,1),(989,4,465,NULL,1),(990,6,465,NULL,1),(991,4,465,NULL,1),(992,6,465,NULL,1),(993,4,465,NULL,1),(994,6,465,NULL,1),(995,4,465,NULL,1),(996,6,465,NULL,1),(997,4,465,NULL,1),(998,6,465,NULL,1),(999,4,465,NULL,1),(1000,6,465,NULL,1),(1001,4,465,NULL,1),(1002,6,465,NULL,1),(1003,4,466,NULL,1),(1004,6,466,NULL,1),(1005,4,466,NULL,1),(1006,6,466,NULL,1),(1007,4,467,NULL,1),(1008,6,467,NULL,1),(1009,4,468,NULL,1),(1010,6,468,NULL,1),(1011,6,468,NULL,1),(1012,4,469,NULL,1),(1013,6,469,NULL,1),(1014,4,469,NULL,1),(1015,6,469,NULL,1),(1016,4,470,NULL,1),(1017,6,470,NULL,1),(1018,4,470,NULL,1),(1019,4,471,NULL,1),(1020,6,471,NULL,1),(1021,4,471,NULL,1),(1022,4,472,NULL,1),(1023,6,472,NULL,1),(1024,4,472,NULL,1),(1025,6,472,NULL,1),(1026,4,472,NULL,1),(1027,6,472,NULL,1);
/*!40000 ALTER TABLE `gameroomplayer` ENABLE KEYS */;
UNLOCK TABLES;

--
-- Table structure for table `gameround`
--

DROP TABLE IF EXISTS `gameround`;
/*!40101 SET @saved_cs_client     = @@character_set_client */;
/*!50503 SET character_set_client = utf8mb4 */;
CREATE TABLE `gameround` (
                             `roundId` int NOT NULL AUTO_INCREMENT,
                             `roundName` varchar(50) DEFAULT NULL,
                             `startTime` datetime DEFAULT NULL,
                             `endTime` datetime DEFAULT NULL,
                             `timeLimit` int DEFAULT NULL,
                             `difficultyLevel` enum('EASY','MEDIUM','HARD') DEFAULT NULL,
                             `roomId` int DEFAULT NULL,
                             `img` varchar(255) DEFAULT NULL,
                             PRIMARY KEY (`roundId`),
                             KEY `roomId` (`roomId`),
                             CONSTRAINT `gameround_ibfk_1` FOREIGN KEY (`roomId`) REFERENCES `gameroom` (`roomId`)
) ENGINE=InnoDB AUTO_INCREMENT=3 DEFAULT CHARSET=utf8mb4 COLLATE=utf8mb4_0900_ai_ci;
/*!40101 SET character_set_client = @saved_cs_client */;

--
-- Dumping data for table `gameround`
--

LOCK TABLES `gameround` WRITE;
/*!40000 ALTER TABLE `gameround` DISABLE KEYS */;
INSERT INTO `gameround` VALUES (1,'Round 1','2024-10-03 10:20:00','2024-10-03 10:40:00',20,'EASY',1,'/img/map2.jpg'),(2,'Round 2',NULL,NULL,30,'EASY',1,'/img/map1.jpg');
/*!40000 ALTER TABLE `gameround` ENABLE KEYS */;
UNLOCK TABLES;

--
-- Table structure for table `gamesession`
--

DROP TABLE IF EXISTS `gamesession`;
/*!40101 SET @saved_cs_client     = @@character_set_client */;
/*!50503 SET character_set_client = utf8mb4 */;
CREATE TABLE `gamesession` (
                               `sessionId` int NOT NULL AUTO_INCREMENT,
                               `startTime` datetime DEFAULT NULL,
                               `endTime` datetime DEFAULT NULL,
                               `roomId` int DEFAULT NULL,
                               `roundId` int DEFAULT NULL,
                               PRIMARY KEY (`sessionId`),
                               KEY `roomId` (`roomId`),
                               KEY `fk_roundId` (`roundId`),
                               CONSTRAINT `fk_roundId` FOREIGN KEY (`roundId`) REFERENCES `gameround` (`roundId`),
                               CONSTRAINT `gamesession_ibfk_1` FOREIGN KEY (`roomId`) REFERENCES `gameroom` (`roomId`)
) ENGINE=InnoDB AUTO_INCREMENT=374 DEFAULT CHARSET=utf8mb4 COLLATE=utf8mb4_0900_ai_ci;
/*!40101 SET character_set_client = @saved_cs_client */;

--
-- Dumping data for table `gamesession`
--

LOCK TABLES `gamesession` WRITE;
/*!40000 ALTER TABLE `gamesession` DISABLE KEYS */;
INSERT INTO `gamesession` VALUES (1,'2024-10-03 10:15:00','2024-10-03 10:45:00',1,NULL),(8,'2024-10-24 22:50:06','2024-10-24 22:50:06',106,1),(9,'2024-10-24 22:56:33','2024-10-24 22:56:33',107,1),(10,'2024-10-24 22:58:41','2024-10-24 22:58:41',108,1),(11,'2024-10-24 23:00:01','2024-10-24 23:00:01',109,1),(12,'2024-10-25 14:51:29','2024-10-25 14:51:29',110,1),(13,'2024-10-25 14:55:35','2024-10-25 14:55:35',111,1),(14,'2024-10-25 14:57:55','2024-10-25 14:57:55',112,1),(15,'2024-10-25 15:00:12','2024-10-25 15:00:12',113,1),(16,'2024-10-25 16:13:52','2024-10-25 16:13:52',114,1),(17,'2024-10-25 16:18:55','2024-10-25 16:18:55',115,1),(18,'2024-10-25 16:22:36','2024-10-25 16:22:36',116,1),(19,'2024-10-25 16:26:55','2024-10-25 16:26:55',117,1),(20,'2024-10-25 16:34:19','2024-10-25 16:34:19',118,1),(21,'2024-10-25 16:38:00','2024-10-25 16:38:00',119,1),(22,'2024-10-25 16:45:10','2024-10-25 16:45:10',120,1),(23,'2024-10-25 16:49:18','2024-10-25 16:49:18',121,1),(24,'2024-10-25 16:52:12','2024-10-25 16:52:12',122,1),(25,'2024-10-26 00:38:41','2024-10-26 00:38:41',123,1),(26,'2024-10-26 00:45:57','2024-10-26 00:45:57',124,1),(27,'2024-10-26 01:10:00','2024-10-26 01:10:00',125,1),(28,'2024-10-26 01:14:56','2024-10-26 01:14:56',126,1),(29,'2024-10-26 01:19:44','2024-10-26 01:19:44',127,1),(30,'2024-10-26 01:49:42','2024-10-26 01:49:42',128,1),(31,'2024-10-26 01:52:12','2024-10-26 01:52:12',129,1),(32,'2024-10-26 01:55:00','2024-10-26 01:55:00',130,1),(33,'2024-10-26 02:03:07','2024-10-26 02:03:07',131,1),(34,'2024-10-26 02:05:00','2024-10-26 02:05:00',132,1),(35,'2024-10-26 02:07:48','2024-10-26 02:07:48',133,1),(36,'2024-10-26 02:12:44','2024-10-26 02:12:44',134,1),(37,'2024-10-26 03:02:11','2024-10-26 03:02:11',135,1),(38,'2024-10-26 03:04:27','2024-10-26 03:04:27',136,1),(39,'2024-10-26 03:05:19','2024-10-26 03:05:19',137,1),(40,'2024-10-26 13:40:22','2024-10-26 13:40:22',138,1),(41,'2024-10-26 13:41:31','2024-10-26 13:41:31',139,1),(42,'2024-10-26 14:13:42','2024-10-26 14:13:42',140,1),(43,'2024-10-26 14:19:56','2024-10-26 14:19:56',141,1),(44,'2024-10-26 14:21:01','2024-10-26 14:21:01',142,1),(45,'2024-10-26 14:32:15','2024-10-26 14:32:15',143,1),(46,'2024-10-26 14:39:17','2024-10-26 14:39:17',144,1),(47,'2024-10-26 15:08:44','2024-10-26 15:08:44',145,1),(48,'2024-10-26 16:01:37','2024-10-26 16:01:37',146,1),(49,'2024-10-26 16:03:22','2024-10-26 16:03:22',147,1),(50,'2024-10-26 16:07:10','2024-10-26 16:07:10',148,1),(51,'2024-10-26 20:22:07','2024-10-26 20:22:07',149,1),(52,'2024-10-26 20:26:43','2024-10-26 20:26:43',150,1),(53,'2024-10-26 20:33:07','2024-10-26 20:33:07',151,1),(54,'2024-10-26 20:38:23','2024-10-26 20:38:23',152,1),(55,'2024-10-26 20:40:21','2024-10-26 20:40:21',153,1),(56,'2024-10-26 20:45:12','2024-10-26 20:45:12',154,1),(57,'2024-10-26 20:45:57','2024-10-26 20:45:57',155,1),(58,'2024-10-26 22:57:23','2024-10-26 22:57:23',156,1),(59,'2024-10-27 01:55:29','2024-10-27 01:55:29',157,1),(60,'2024-10-27 02:00:41','2024-10-27 02:00:41',158,1),(61,'2024-10-27 02:04:53','2024-10-27 02:04:53',159,1),(62,'2024-10-27 02:32:09','2024-10-27 02:32:09',160,1),(63,'2024-10-27 02:33:42','2024-10-27 02:33:42',161,1),(64,'2024-10-27 02:35:43','2024-10-27 02:35:43',162,1),(65,'2024-10-27 02:37:15','2024-10-27 02:37:15',163,1),(66,'2024-10-27 02:43:55','2024-10-27 02:43:55',164,1),(67,'2024-10-27 02:52:36','2024-10-27 02:52:36',165,1),(68,'2024-10-27 03:01:14','2024-10-27 03:01:14',166,1),(69,'2024-10-27 03:07:15','2024-10-27 03:07:15',167,1),(70,'2024-10-27 03:11:21','2024-10-27 03:11:21',168,1),(71,'2024-10-27 03:15:38','2024-10-27 03:15:38',169,1),(72,'2024-10-27 03:22:25','2024-10-27 03:22:25',170,1),(73,'2024-10-27 03:24:11','2024-10-27 03:24:11',171,1),(74,'2024-10-27 03:25:21','2024-10-27 03:25:21',172,1),(75,'2024-10-27 03:31:20','2024-10-27 03:31:20',173,1),(76,'2024-10-27 04:16:28','2024-10-27 04:16:28',174,1),(77,'2024-10-27 04:20:57','2024-10-27 04:20:57',175,1),(78,'2024-10-27 04:30:33','2024-10-27 04:30:33',176,1),(79,'2024-10-27 04:42:00','2024-10-27 04:42:00',177,1),(80,'2024-10-27 04:46:49','2024-10-27 04:46:49',178,1),(81,'2024-10-27 04:47:35','2024-10-27 04:47:35',179,1),(82,'2024-10-27 04:47:51','2024-10-27 04:47:51',179,1),(83,'2024-10-27 05:17:49','2024-10-27 05:17:49',180,1),(84,'2024-10-29 13:36:55','2024-10-29 13:36:55',181,1),(85,'2024-10-30 18:27:26','2024-10-30 18:27:26',182,1),(86,'2024-10-30 19:04:31','2024-10-30 19:04:31',183,1),(87,'2024-10-30 19:30:40','2024-10-30 19:30:40',184,1),(88,'2024-10-30 19:43:13','2024-10-30 19:43:13',185,1),(89,'2024-10-30 19:46:58','2024-10-30 19:46:58',186,1),(90,'2024-10-30 19:52:36','2024-10-30 19:52:36',187,1),(91,'2024-10-30 19:54:19','2024-10-30 19:54:19',188,1),(92,'2024-10-30 19:56:42','2024-10-30 19:56:42',190,1),(93,'2024-10-30 19:57:16','2024-10-30 19:57:16',191,1),(94,'2024-10-30 19:57:49','2024-10-30 19:57:49',192,1),(95,'2024-10-30 20:06:39','2024-10-30 20:06:39',194,1),(96,'2024-10-30 20:08:38','2024-10-30 20:08:38',195,1),(97,'2024-10-30 20:17:51','2024-10-30 20:17:51',196,1),(98,'2024-10-30 22:05:37','2024-10-30 22:05:37',197,1),(99,'2024-10-30 22:07:45','2024-10-30 22:07:45',198,1),(100,'2024-10-30 22:12:48','2024-10-30 22:12:48',199,1),(101,'2024-10-30 22:16:44','2024-10-30 22:16:44',200,1),(102,'2024-10-30 22:24:24','2024-10-30 22:24:24',202,1),(103,'2024-10-30 22:31:45','2024-10-30 22:31:45',203,1),(104,'2024-10-30 22:40:58','2024-10-30 22:40:58',204,1),(105,'2024-10-30 23:35:54','2024-10-30 23:35:54',212,1),(106,'2024-10-31 00:25:59','2024-10-31 00:25:59',213,1),(107,'2024-10-31 01:06:51','2024-10-31 01:06:51',214,1),(108,'2024-10-31 01:29:15','2024-10-31 01:29:15',215,1),(109,'2024-10-31 01:37:26','2024-10-31 01:37:26',216,1),(110,'2024-10-31 01:45:25','2024-10-31 01:45:25',217,1),(111,'2024-10-31 01:57:45','2024-10-31 01:57:45',218,1),(112,'2024-10-31 02:01:49','2024-10-31 02:01:49',219,1),(113,'2024-10-31 02:13:21','2024-10-31 02:13:21',220,1),(114,'2024-10-31 02:15:30','2024-10-31 02:15:30',221,1),(115,'2024-10-31 02:30:20','2024-10-31 02:30:20',222,1),(116,'2024-10-31 02:31:55','2024-10-31 02:31:55',223,1),(117,'2024-10-31 02:37:08','2024-10-31 02:37:08',224,1),(118,'2024-10-31 02:44:30','2024-10-31 02:44:30',225,1),(119,'2024-10-31 16:41:22','2024-10-31 16:41:22',226,1),(120,'2024-10-31 16:55:08','2024-10-31 16:55:08',227,1),(121,'2024-11-09 12:11:54','2024-11-09 12:11:54',228,1),(122,'2024-11-09 12:19:42','2024-11-09 12:19:42',229,1),(123,'2024-11-09 13:25:32','2024-11-09 13:25:32',230,1),(124,'2024-11-09 13:31:03','2024-11-09 13:31:03',231,1),(125,'2024-11-09 13:33:42','2024-11-09 13:33:42',232,1),(126,'2024-11-09 13:52:15','2024-11-09 13:52:15',233,1),(127,'2024-11-09 14:02:49','2024-11-09 14:02:49',234,1),(128,'2024-11-09 14:19:05','2024-11-09 14:19:05',235,1),(129,'2024-11-09 14:31:55','2024-11-09 14:31:55',236,1),(130,'2024-11-09 14:33:14','2024-11-09 14:33:14',237,1),(131,'2024-11-09 14:35:59','2024-11-09 14:35:59',238,1),(132,'2024-11-09 15:16:21','2024-11-09 15:16:21',239,1),(133,'2024-11-09 15:19:41','2024-11-09 15:19:41',240,1),(134,'2024-11-09 15:23:25','2024-11-09 15:23:25',241,1),(135,'2024-11-09 15:30:25','2024-11-09 15:30:25',242,1),(136,'2024-11-09 15:35:40','2024-11-09 15:35:40',243,1),(137,'2024-11-09 15:41:05','2024-11-09 15:41:05',244,1),(138,'2024-11-09 15:43:29','2024-11-09 15:43:29',245,1),(139,'2024-11-09 15:47:53','2024-11-09 15:47:53',246,1),(140,'2024-11-09 15:55:04','2024-11-09 15:55:04',247,1),(141,'2024-11-09 15:58:01','2024-11-09 15:58:01',248,1),(142,'2024-11-09 16:34:10','2024-11-09 16:34:10',249,1),(143,'2024-11-09 16:36:22','2024-11-09 16:36:22',250,1),(144,'2024-11-09 16:41:40','2024-11-09 16:41:40',251,1),(145,'2024-11-09 16:54:47','2024-11-09 16:54:47',252,1),(146,'2024-11-09 17:04:24','2024-11-09 17:04:24',254,1),(147,'2024-11-09 17:20:35','2024-11-09 17:20:35',255,1),(148,'2024-11-09 17:23:40','2024-11-09 17:23:40',256,1),(149,'2024-11-09 22:48:49','2024-11-09 22:48:49',257,1),(150,'2024-11-10 22:31:56','2024-11-10 22:31:56',258,1),(151,'2024-11-10 22:33:20','2024-11-10 22:33:20',259,1),(152,'2024-11-10 22:40:44','2024-11-10 22:40:44',260,1),(153,'2024-11-10 22:48:37','2024-11-10 22:48:37',261,1),(154,'2024-11-10 22:59:43','2024-11-10 22:59:43',262,1),(155,'2024-11-10 23:01:58','2024-11-10 23:01:58',263,1),(156,'2024-11-10 23:07:45','2024-11-10 23:07:45',264,1),(157,'2024-11-10 23:15:15','2024-11-10 23:15:15',265,1),(158,'2024-11-10 23:21:13','2024-11-10 23:21:13',266,1),(159,'2024-11-10 23:26:34','2024-11-10 23:26:34',267,1),(160,'2024-11-10 23:29:55','2024-11-10 23:29:55',268,1),(161,'2024-11-10 23:43:23','2024-11-10 23:43:23',269,1),(162,'2024-11-10 23:51:16','2024-11-10 23:51:16',270,1),(163,'2024-11-11 01:24:57','2024-11-11 01:24:57',271,1),(164,'2024-11-11 01:40:25','2024-11-11 01:40:25',272,1),(165,'2024-11-11 01:41:45','2024-11-11 01:41:45',273,1),(166,'2024-11-11 01:58:47','2024-11-11 01:58:47',274,1),(167,'2024-11-11 02:17:31','2024-11-11 02:17:31',275,1),(168,'2024-11-13 01:15:35','2024-11-13 01:15:35',276,1),(169,'2024-11-13 01:23:41','2024-11-13 01:23:41',277,1),(170,'2024-11-13 15:01:29','2024-11-13 15:01:29',278,1),(171,'2024-11-13 15:04:37','2024-11-13 15:04:37',279,1),(172,'2024-11-13 15:05:35','2024-11-13 15:05:35',280,1),(173,'2024-11-13 15:15:08','2024-11-13 15:15:08',281,1),(174,'2024-11-13 15:26:41','2024-11-13 15:26:41',282,1),(175,'2024-11-13 15:31:00','2024-11-13 15:31:00',283,1),(176,'2024-11-13 15:36:01','2024-11-13 15:36:01',284,1),(177,'2024-11-13 15:40:49','2024-11-13 15:40:49',285,1),(178,'2024-11-13 15:51:53','2024-11-13 15:51:53',286,1),(179,'2024-11-13 15:55:49','2024-11-13 15:55:49',287,1),(180,'2024-11-13 16:02:23','2024-11-13 16:02:23',288,1),(181,'2024-11-13 16:05:20','2024-11-13 16:05:20',289,1),(182,'2024-11-13 16:09:05','2024-11-13 16:09:05',290,1),(183,'2024-11-13 17:06:49','2024-11-13 17:06:49',291,1),(184,'2024-11-13 18:32:57','2024-11-13 18:32:57',292,1),(185,'2024-11-13 18:47:10','2024-11-13 18:47:10',293,1),(186,'2024-11-13 18:47:24','2024-11-13 18:47:24',293,1),(187,'2024-11-20 19:06:07','2024-11-20 19:06:07',294,1),(188,'2024-11-20 19:06:56','2024-11-20 19:06:56',294,1),(189,'2024-11-20 19:09:12','2024-11-20 19:09:12',295,1),(190,'2024-11-20 19:13:00','2024-11-20 19:13:00',297,1),(191,'2024-11-20 19:15:41','2024-11-20 19:15:41',298,1),(192,'2024-11-20 19:32:21','2024-11-20 19:32:21',299,1),(193,'2024-11-20 19:35:12','2024-11-20 19:35:12',300,1),(194,'2024-11-21 13:38:04','2024-11-21 13:38:04',301,1),(195,'2024-11-21 13:39:01','2024-11-21 13:39:01',301,1),(196,'2024-11-21 13:39:53','2024-11-21 13:39:53',301,1),(197,'2024-11-21 13:47:05','2024-11-21 13:47:05',302,1),(198,'2024-11-21 13:48:03','2024-11-21 13:48:03',303,1),(199,'2024-11-21 13:48:48','2024-11-21 13:48:48',303,1),(200,'2024-11-21 13:49:42','2024-11-21 13:49:42',303,1),(201,'2024-11-21 13:51:48','2024-11-21 13:51:48',304,1),(202,'2024-11-21 13:54:34','2024-11-21 13:54:34',305,1),(203,'2024-11-21 13:56:35','2024-11-21 13:56:35',306,1),(204,'2024-11-21 14:03:07','2024-11-21 14:03:07',307,1),(205,'2024-11-21 14:16:50','2024-11-21 14:16:50',308,1),(206,'2024-11-21 14:19:39','2024-11-21 14:19:39',309,1),(207,'2024-11-21 14:21:49','2024-11-21 14:21:49',310,1),(208,'2024-11-21 14:23:31','2024-11-21 14:23:31',311,1),(209,'2024-11-21 15:12:28','2024-11-21 15:12:28',312,1),(210,'2024-11-21 15:16:17','2024-11-21 15:16:17',313,1),(211,'2024-11-21 15:19:01','2024-11-21 15:19:01',314,1),(212,'2024-11-21 15:27:44','2024-11-21 15:27:44',315,1),(213,'2024-11-21 15:33:02','2024-11-21 15:33:02',316,1),(214,'2024-11-21 15:35:12','2024-11-21 15:35:12',317,1),(215,'2024-11-21 15:35:47','2024-11-21 15:35:47',318,1),(216,'2024-11-21 15:44:01','2024-11-21 15:44:01',319,1),(217,'2024-11-21 15:53:45','2024-11-21 15:53:45',320,1),(218,'2024-11-21 15:59:08','2024-11-21 15:59:08',321,1),(219,'2024-11-21 16:06:03','2024-11-21 16:06:03',322,1),(220,'2024-11-21 16:07:09','2024-11-21 16:07:09',323,1),(221,'2024-11-21 16:09:27','2024-11-21 16:09:27',324,1),(222,'2024-11-21 16:12:59','2024-11-21 16:12:59',325,1),(223,'2024-11-21 16:17:44','2024-11-21 16:17:44',326,1),(224,'2024-11-21 16:18:33','2024-11-21 16:18:33',327,1),(225,'2024-11-21 16:21:52','2024-11-21 16:21:52',328,1),(226,'2024-11-21 16:26:38','2024-11-21 16:26:38',329,1),(227,'2024-11-21 16:28:17','2024-11-21 16:28:17',330,1),(228,'2024-11-21 16:29:28','2024-11-21 16:29:28',331,1),(229,'2024-11-21 16:31:08','2024-11-21 16:31:08',332,1),(230,'2024-11-21 16:33:58','2024-11-21 16:33:58',333,1),(231,'2024-11-21 16:36:34','2024-11-21 16:36:34',334,1),(232,'2024-11-21 16:47:49','2024-11-21 16:47:49',335,1),(233,'2024-11-21 17:15:37','2024-11-21 17:15:37',336,1),(234,'2024-11-21 17:16:38','2024-11-21 17:16:38',337,1),(235,'2024-11-21 17:43:02','2024-11-21 17:43:02',338,1),(236,'2024-11-21 17:44:47','2024-11-21 17:44:47',339,1),(237,'2024-11-21 17:48:36','2024-11-21 17:48:36',340,1),(238,'2024-11-21 18:17:11','2024-11-21 18:17:11',341,1),(239,'2024-11-21 18:18:38','2024-11-21 18:18:38',342,1),(240,'2024-11-21 18:41:21','2024-11-21 18:41:21',343,1),(241,'2024-11-21 18:56:12','2024-11-21 18:56:12',344,1),(242,'2024-11-21 19:07:22','2024-11-21 19:07:22',345,1),(243,'2024-11-21 19:13:21','2024-11-21 19:13:21',346,1),(244,'2024-11-21 19:15:07','2024-11-21 19:15:07',347,1),(245,'2024-11-21 19:16:49','2024-11-21 19:16:49',347,1),(246,'2024-11-21 19:17:44','2024-11-21 19:17:44',347,1),(247,'2024-11-21 19:33:42','2024-11-21 19:33:42',348,1),(248,'2024-11-21 19:35:21','2024-11-21 19:35:21',349,1),(249,'2024-11-21 19:48:41','2024-11-21 19:48:41',350,1),(250,'2024-11-21 19:49:20','2024-11-21 19:49:20',350,1),(251,'2024-11-21 19:58:23','2024-11-21 19:58:23',351,1),(252,'2024-11-21 20:00:10','2024-11-21 20:00:10',352,1),(253,'2024-11-21 20:02:15','2024-11-21 20:02:15',353,1),(254,'2024-11-22 01:27:51','2024-11-22 01:27:51',354,1),(255,'2024-11-22 01:32:28','2024-11-22 01:32:28',355,1),(256,'2024-11-22 01:37:25','2024-11-22 01:37:25',356,1),(257,'2024-11-22 01:53:20','2024-11-22 01:53:20',357,1),(258,'2024-11-22 02:03:07','2024-11-22 02:03:07',358,1),(259,'2024-11-22 02:06:09','2024-11-22 02:06:09',359,1),(260,'2024-11-22 02:13:18','2024-11-22 02:13:18',360,1),(261,'2024-11-22 02:14:41','2024-11-22 02:14:41',361,1),(262,'2024-11-22 02:21:38','2024-11-22 02:21:38',362,1),(263,'2024-11-22 02:25:34','2024-11-22 02:25:34',363,1),(264,'2024-11-22 02:30:53','2024-11-22 02:30:53',364,1),(265,'2024-11-22 02:39:27','2024-11-22 02:39:27',365,1),(266,'2024-11-22 02:40:28','2024-11-22 02:40:28',366,1),(267,'2024-11-22 02:41:45','2024-11-22 02:41:45',367,1),(268,'2024-11-22 02:50:03','2024-11-22 02:50:03',268,1),(269,'2024-11-22 03:02:50','2024-11-22 03:02:50',369,1),(270,'2024-11-22 03:21:07','2024-11-22 03:21:07',370,1),(271,'2024-11-22 03:21:39','2024-11-22 03:21:39',370,1),(272,'2024-11-22 03:26:38','2024-11-22 03:26:38',371,1),(273,'2024-11-22 03:33:14','2024-11-22 03:33:14',372,1),(274,'2024-11-22 03:36:19','2024-11-22 03:36:19',373,1),(275,'2024-11-22 04:32:02','2024-11-22 04:32:02',374,1),(276,'2024-11-22 04:34:13','2024-11-22 04:34:13',375,1),(277,'2024-11-22 04:37:14','2024-11-22 04:37:14',376,1),(278,'2024-11-22 04:37:45','2024-11-22 04:37:45',376,1),(279,'2024-11-22 04:38:35','2024-11-22 04:38:35',376,1),(280,'2024-11-22 04:39:14','2024-11-22 04:39:14',376,1),(281,'2024-11-23 01:08:43','2024-11-23 01:08:43',378,1),(282,'2024-11-23 14:11:12','2024-11-23 14:11:12',399,1),(283,'2024-11-23 14:12:13','2024-11-23 14:12:13',400,1),(284,'2024-11-23 14:12:51','2024-11-23 14:12:51',400,1),(285,'2024-11-23 14:15:23','2024-11-23 14:15:23',400,1),(286,'2024-11-23 14:20:34','2024-11-23 14:20:34',401,1),(287,'2024-11-23 14:33:22','2024-11-23 14:33:22',402,1),(288,'2024-11-23 14:36:12','2024-11-23 14:36:12',403,1),(289,'2024-11-23 14:39:48','2024-11-23 14:39:48',404,1),(290,'2024-11-23 14:48:19','2024-11-23 14:48:19',405,1),(291,'2024-11-23 14:55:25','2024-11-23 14:55:25',406,1),(292,'2024-11-23 15:01:24','2024-11-23 15:01:24',407,1),(293,'2024-11-23 15:05:30','2024-11-23 15:05:30',408,1),(294,'2024-11-23 15:11:35','2024-11-23 15:11:35',409,1),(295,'2024-11-23 15:12:13','2024-11-23 15:12:13',410,1),(296,'2024-11-23 15:18:50','2024-11-23 15:18:50',411,1),(297,'2024-11-23 15:24:50','2024-11-23 15:24:50',412,1),(298,'2024-11-23 15:31:15','2024-11-23 15:31:15',413,1),(299,'2024-11-23 15:34:21','2024-11-23 15:34:21',414,1),(300,'2024-11-23 15:36:04','2024-11-23 15:36:04',415,1),(301,'2024-11-23 15:40:07','2024-11-23 15:40:07',416,1),(302,'2024-11-23 15:41:49','2024-11-23 15:41:49',417,1),(303,'2024-11-23 15:44:52','2024-11-23 15:44:52',417,1),(304,'2024-11-23 15:46:05','2024-11-23 15:46:05',417,1),(305,'2024-11-23 15:58:19','2024-11-23 15:58:19',419,1),(306,'2024-11-23 16:02:57','2024-11-23 16:02:57',420,1),(307,'2024-11-23 16:03:38','2024-11-23 16:03:38',421,1),(308,'2024-11-23 16:06:58','2024-11-23 16:06:58',422,1),(309,'2024-11-23 16:10:13','2024-11-23 16:10:13',423,1),(310,'2024-11-23 17:10:09','2024-11-23 17:10:09',424,1),(311,'2024-11-23 17:21:17','2024-11-23 17:21:17',425,1),(312,'2024-11-23 17:25:27','2024-11-23 17:25:27',426,1),(313,'2024-11-23 17:28:02','2024-11-23 17:28:02',427,1),(314,'2024-11-23 17:41:14','2024-11-23 17:41:14',428,1),(315,'2024-11-23 17:46:22','2024-11-23 17:46:22',429,1),(316,'2024-11-23 17:47:29','2024-11-23 17:47:29',430,1),(317,'2024-11-23 17:48:39','2024-11-23 17:48:39',431,1),(318,'2024-11-23 22:24:21','2024-11-23 22:24:21',432,1),(319,'2024-11-24 22:25:13','2024-11-24 22:25:13',433,1),(320,'2024-11-24 22:25:48','2024-11-24 22:25:48',433,1),(321,'2024-11-24 22:26:11','2024-11-24 22:26:11',433,1),(322,'2024-11-25 00:00:02','2024-11-25 00:00:02',434,1),(323,'2024-11-25 01:05:20','2024-11-25 01:05:20',435,1),(324,'2024-11-25 01:07:28','2024-11-25 01:07:28',436,1),(325,'2024-11-25 01:08:48','2024-11-25 01:08:48',437,1),(326,'2024-11-25 01:23:13','2024-11-25 01:23:13',438,1),(327,'2024-11-25 01:31:25','2024-11-25 01:31:25',439,1),(328,'2024-11-25 01:37:01','2024-11-25 01:37:01',439,1),(329,'2024-11-25 01:43:22','2024-11-25 01:43:22',440,1),(330,'2024-11-25 01:43:55','2024-11-25 01:43:55',441,1),(331,'2024-11-25 01:46:45','2024-11-25 01:46:45',441,1),(332,'2024-11-25 01:47:50','2024-11-25 01:47:50',442,1),(333,'2024-11-25 01:51:08','2024-11-25 01:51:08',443,2),(334,'2024-11-25 01:53:41','2024-11-25 01:53:41',444,2),(335,'2024-11-25 01:59:32','2024-11-25 01:59:32',445,2),(336,'2024-11-25 02:00:23','2024-11-25 02:00:23',445,2),(337,'2024-11-25 02:05:52','2024-11-25 02:05:52',446,2),(338,'2024-11-25 02:08:47','2024-11-25 02:08:47',447,2),(339,'2024-11-25 02:09:40','2024-11-25 02:09:40',447,2),(340,'2024-11-25 02:11:49','2024-11-25 02:11:49',448,2),(341,'2024-11-25 02:14:18','2024-11-25 02:14:18',449,2),(342,'2024-11-25 02:16:21','2024-11-25 02:16:21',450,2),(343,'2024-11-25 02:16:24','2024-11-25 02:16:24',450,2),(344,'2024-11-25 02:21:52','2024-11-25 02:21:52',452,2),(345,'2024-11-25 02:22:35','2024-11-25 02:22:35',452,2),(346,'2024-11-25 02:23:58','2024-11-25 02:23:58',453,2),(347,'2024-11-25 02:26:05','2024-11-25 02:26:05',454,2),(348,'2024-11-25 02:26:55','2024-11-25 02:26:55',454,2),(349,'2024-11-25 02:55:15','2024-11-25 02:55:15',458,1),(350,'2024-11-25 02:55:21','2024-11-25 02:55:21',458,1),(351,'2024-11-25 02:56:39','2024-11-25 02:56:39',459,1),(352,'2024-11-25 02:57:31','2024-11-25 02:57:31',459,2),(353,'2024-11-25 03:10:24','2024-11-25 03:10:24',461,1),(354,'2024-11-25 03:13:09','2024-11-25 03:13:09',462,1),(355,'2024-11-25 03:14:12','2024-11-25 03:14:12',462,1),(356,'2024-11-25 03:20:21','2024-11-25 03:20:21',463,1),(357,'2024-11-25 03:26:47','2024-11-25 03:26:47',464,1),(358,'2024-11-25 03:27:33','2024-11-25 03:27:33',464,2),(359,'2024-11-25 03:30:03','2024-11-25 03:30:03',465,1),(360,'2024-11-25 03:30:38','2024-11-25 03:30:38',465,2),(361,'2024-11-25 03:31:45','2024-11-25 03:31:45',465,1),(362,'2024-11-25 03:32:42','2024-11-25 03:32:42',465,2),(363,'2024-11-25 03:33:40','2024-11-25 03:33:40',465,1),(364,'2024-11-25 03:34:25','2024-11-25 03:34:25',465,2),(365,'2024-11-25 03:38:51','2024-11-25 03:38:51',466,1),(366,'2024-11-25 03:39:20','2024-11-25 03:39:20',466,2),(367,'2024-11-25 03:42:05','2024-11-25 03:42:05',467,1),(368,'2024-11-25 03:48:00','2024-11-25 03:48:00',468,1),(369,'2024-11-25 03:59:56','2024-11-25 03:59:56',469,1),(370,'2024-11-25 04:01:09','2024-11-25 04:01:09',470,1),(371,'2024-11-25 04:07:00','2024-11-25 04:07:00',471,1),(372,'2024-11-25 04:14:02','2024-11-25 04:14:02',472,1),(373,'2024-11-25 04:14:32','2024-11-25 04:14:32',472,2);
/*!40000 ALTER TABLE `gamesession` ENABLE KEYS */;
UNLOCK TABLES;

--
-- Table structure for table `gamesessionplayer`
--

DROP TABLE IF EXISTS `gamesessionplayer`;
/*!40101 SET @saved_cs_client     = @@character_set_client */;
/*!50503 SET character_set_client = utf8mb4 */;
CREATE TABLE `gamesessionplayer` (
                                     `sessionPlayerId` int NOT NULL AUTO_INCREMENT,
                                     `sessionId` int DEFAULT NULL,
                                     `userId` int DEFAULT NULL,
                                     `score` int DEFAULT NULL,
                                     PRIMARY KEY (`sessionPlayerId`),
                                     KEY `sessionId` (`sessionId`),
                                     KEY `userId` (`userId`),
                                     CONSTRAINT `gamesessionplayer_ibfk_1` FOREIGN KEY (`sessionId`) REFERENCES `gamesession` (`sessionId`),
                                     CONSTRAINT `gamesessionplayer_ibfk_2` FOREIGN KEY (`userId`) REFERENCES `user` (`userId`)
) ENGINE=InnoDB AUTO_INCREMENT=730 DEFAULT CHARSET=utf8mb4 COLLATE=utf8mb4_0900_ai_ci;
/*!40101 SET character_set_client = @saved_cs_client */;

--
-- Dumping data for table `gamesessionplayer`
--

LOCK TABLES `gamesessionplayer` WRITE;
/*!40000 ALTER TABLE `gamesessionplayer` DISABLE KEYS */;
INSERT INTO `gamesessionplayer` VALUES (1,8,4,0),(3,9,4,0),(5,10,4,0),(7,11,6,0),(8,11,4,0),(9,12,6,0),(10,12,4,0),(11,13,6,0),(12,13,4,0),(13,14,6,0),(14,14,4,0),(15,15,6,0),(16,15,4,0),(17,16,6,0),(18,16,4,0),(19,17,6,0),(20,17,4,0),(21,18,6,0),(22,18,4,0),(23,19,4,0),(24,19,6,0),(25,20,4,0),(26,20,6,0),(27,21,4,0),(28,21,6,0),(29,22,4,0),(30,22,6,0),(31,23,4,0),(32,23,6,0),(33,24,4,0),(34,24,6,0),(35,25,4,0),(36,25,6,0),(37,26,4,0),(38,26,6,0),(39,27,4,0),(40,27,6,0),(41,28,4,0),(42,28,6,0),(43,29,4,0),(44,29,6,0),(45,30,4,0),(46,30,6,0),(47,31,4,0),(48,31,6,0),(49,32,4,0),(50,32,6,0),(51,33,4,0),(52,33,6,0),(53,34,4,0),(54,34,6,0),(55,35,4,0),(56,35,6,0),(57,36,4,0),(58,36,6,0),(59,37,4,0),(60,37,6,0),(62,39,4,0),(63,39,6,0),(64,40,4,0),(65,40,6,0),(66,41,4,0),(67,41,6,0),(68,42,4,0),(69,42,6,0),(70,43,4,0),(71,43,6,0),(72,44,4,0),(73,44,6,0),(74,45,4,0),(75,45,6,0),(76,46,4,0),(77,46,6,0),(78,47,4,0),(79,47,6,0),(80,48,4,0),(81,48,6,0),(82,49,4,0),(83,49,6,0),(84,50,4,0),(85,50,6,0),(86,51,4,0),(87,51,6,0),(88,52,4,0),(89,52,6,0),(90,53,4,0),(91,53,6,0),(92,54,4,0),(93,54,6,0),(94,55,4,0),(95,55,6,0),(96,56,4,0),(97,56,6,0),(98,57,4,0),(99,57,6,0),(100,58,4,0),(101,58,6,0),(102,59,4,0),(103,59,6,0),(104,60,4,0),(105,60,6,0),(106,61,4,0),(107,61,6,0),(108,62,4,0),(109,62,6,0),(110,63,4,0),(111,63,6,0),(112,64,4,0),(113,64,6,0),(114,65,4,0),(115,65,6,0),(116,66,4,0),(117,66,6,0),(118,67,4,0),(119,67,6,0),(120,68,4,0),(121,68,6,0),(122,69,4,0),(123,69,6,0),(124,70,4,0),(125,70,6,0),(126,71,4,0),(127,71,6,0),(128,72,4,0),(129,72,6,0),(130,73,4,0),(131,73,6,0),(132,74,4,0),(133,74,6,0),(134,75,4,0),(135,75,6,0),(136,76,4,0),(137,76,6,0),(138,77,4,0),(139,77,6,0),(140,78,4,0),(141,78,6,0),(142,79,4,0),(143,79,6,0),(144,80,6,0),(145,80,4,0),(147,82,6,0),(148,82,4,0),(149,83,4,0),(150,83,6,0),(151,84,4,0),(152,84,6,0),(153,85,4,0),(154,85,6,0),(155,86,4,0),(156,86,6,0),(157,87,4,0),(158,87,6,0),(159,88,4,0),(160,88,6,0),(161,89,4,0),(162,89,6,0),(163,90,4,0),(164,90,6,0),(165,91,6,0),(166,91,4,0),(167,92,6,0),(168,92,4,0),(169,93,4,0),(170,93,6,0),(171,94,4,0),(172,94,6,0),(173,95,4,0),(174,95,6,0),(175,96,4,0),(176,96,6,0),(177,97,4,0),(178,97,6,0),(179,98,4,0),(180,98,6,0),(181,99,4,0),(182,99,6,0),(183,100,4,0),(184,100,6,0),(186,102,6,0),(187,102,4,0),(188,103,4,0),(189,103,6,0),(190,104,6,0),(191,104,4,0),(192,105,4,0),(193,105,6,0),(194,106,4,0),(195,106,6,0),(196,107,4,0),(197,107,6,0),(198,108,4,0),(199,108,6,0),(200,109,4,0),(201,109,6,0),(202,110,4,0),(203,110,6,0),(204,111,4,0),(205,111,6,0),(206,112,4,0),(207,112,6,0),(208,113,4,0),(209,113,6,0),(210,114,4,0),(211,114,6,0),(212,115,4,0),(213,115,6,0),(214,116,4,0),(215,116,6,0),(216,117,4,0),(217,117,6,0),(218,118,4,0),(219,118,6,0),(220,119,4,0),(221,119,6,0),(222,120,4,0),(223,120,6,0),(224,121,4,0),(225,121,6,0),(226,122,4,0),(227,122,6,0),(228,123,4,0),(229,123,6,0),(230,124,4,0),(231,124,6,0),(232,125,4,0),(233,125,6,0),(234,126,4,0),(235,126,6,0),(236,127,4,0),(237,127,6,0),(238,128,4,0),(239,128,6,0),(240,129,4,0),(241,129,6,0),(242,130,4,0),(243,130,6,0),(244,131,4,0),(245,131,6,0),(246,132,6,0),(247,132,4,0),(248,133,4,0),(249,133,6,0),(250,134,4,0),(251,134,6,0),(252,135,4,0),(253,135,6,0),(254,136,4,0),(255,136,6,0),(256,137,4,0),(257,137,6,0),(258,138,4,0),(259,138,6,0),(260,139,4,0),(261,139,6,0),(262,140,4,0),(263,140,6,0),(264,141,4,0),(265,141,6,0),(266,142,4,0),(267,142,6,0),(268,143,4,0),(269,143,6,0),(270,144,4,0),(271,144,6,0),(272,145,4,0),(273,145,6,0),(274,146,4,0),(275,146,6,0),(276,147,4,0),(277,147,6,0),(278,148,4,0),(279,148,6,0),(280,149,4,0),(281,149,6,0),(282,150,4,0),(283,150,6,0),(284,151,4,0),(285,151,6,0),(286,152,4,0),(287,152,6,0),(288,153,4,0),(289,153,6,0),(290,154,4,0),(291,154,6,0),(292,155,4,0),(293,155,6,0),(294,156,4,0),(295,156,6,0),(296,157,4,0),(297,157,6,0),(298,158,4,0),(299,158,6,0),(300,159,4,0),(301,159,6,0),(302,160,4,0),(303,160,6,0),(304,161,4,0),(305,161,6,0),(306,162,4,0),(307,162,6,0),(308,163,4,0),(309,163,6,0),(310,164,4,0),(311,164,6,0),(312,165,4,0),(313,165,6,0),(314,166,4,0),(315,166,6,0),(316,167,4,0),(317,167,6,0),(318,168,4,0),(319,168,6,0),(320,169,4,0),(321,169,6,0),(322,170,4,0),(323,170,6,0),(324,171,4,0),(325,171,6,0),(326,172,4,0),(327,172,6,0),(328,173,4,0),(329,173,6,0),(330,174,4,0),(331,174,6,0),(332,175,4,0),(333,175,6,0),(334,176,4,0),(335,176,6,0),(336,177,4,0),(337,177,6,0),(338,178,4,0),(339,178,6,0),(340,179,4,0),(341,179,6,0),(342,180,4,0),(343,180,6,0),(344,181,4,1),(345,181,6,1),(346,182,4,1),(347,182,6,2),(348,183,4,3),(349,183,6,2),(350,184,4,3),(351,184,6,0),(352,185,4,2),(353,185,6,0),(354,186,4,1),(355,186,6,1),(356,187,4,0),(357,187,6,0),(358,188,4,0),(359,188,6,0),(360,189,4,0),(361,189,6,0),(362,190,4,1),(363,190,6,4),(364,191,4,4),(365,191,6,3),(366,192,4,0),(367,192,6,0),(368,193,4,2),(369,193,6,7),(370,194,4,2),(371,194,6,4),(372,195,4,1),(373,195,6,5),(374,196,4,0),(375,196,6,0),(376,197,4,0),(377,197,6,7),(378,198,4,1),(379,198,6,4),(380,199,4,2),(381,199,6,3),(382,200,4,3),(383,200,6,2),(384,201,4,1),(385,201,6,3),(386,202,4,0),(387,202,6,0),(388,203,4,0),(389,203,6,0),(390,204,4,0),(391,204,6,0),(392,205,4,0),(393,205,6,0),(394,206,4,0),(395,206,6,0),(396,207,4,0),(397,207,6,0),(398,208,4,0),(399,208,6,0),(400,209,4,0),(401,209,6,0),(402,210,4,0),(403,210,6,0),(404,211,4,0),(405,211,6,0),(406,212,4,3),(407,212,6,0),(408,213,4,0),(409,213,6,0),(410,214,4,0),(412,215,4,0),(413,215,6,2),(414,216,4,0),(415,216,6,0),(416,217,4,0),(417,217,6,0),(418,218,4,0),(419,218,6,1),(420,219,4,0),(421,219,6,0),(422,220,4,0),(423,220,6,0),(424,221,4,0),(425,221,6,0),(426,222,4,0),(427,222,6,0),(428,223,4,0),(430,224,4,0),(431,224,6,0),(432,225,4,0),(433,225,6,0),(434,226,4,0),(435,226,6,0),(436,227,4,0),(437,227,6,0),(438,228,4,4),(439,228,6,1),(440,229,4,0),(441,229,6,0),(442,230,4,0),(443,230,6,0),(444,231,4,0),(445,231,6,0),(446,232,4,0),(447,232,6,0),(448,233,4,0),(449,233,6,0),(450,234,4,0),(451,234,6,0),(452,235,4,0),(453,235,6,0),(454,236,4,0),(455,236,6,0),(456,237,4,0),(457,237,6,0),(458,238,4,0),(459,238,6,0),(460,239,4,0),(461,239,6,0),(462,240,4,0),(463,240,6,0),(464,241,4,2),(465,241,6,1),(466,242,4,0),(467,242,6,2),(468,243,4,0),(469,243,6,0),(470,244,4,2),(471,244,6,3),(472,245,4,0),(473,245,6,0),(474,246,4,0),(476,247,4,1),(477,247,6,1),(478,248,4,0),(479,248,6,1),(480,249,4,2),(481,249,6,7),(482,250,4,0),(483,250,6,1),(484,251,4,1),(485,251,6,5),(486,252,4,1),(487,252,6,2),(488,253,4,0),(489,253,6,0),(490,254,4,0),(491,254,6,0),(492,255,4,0),(493,255,6,0),(494,256,4,1),(495,256,6,8),(496,257,4,0),(497,257,6,0),(498,258,4,0),(499,258,6,0),(500,259,4,0),(501,259,6,0),(502,260,4,0),(503,260,6,0),(504,261,4,0),(505,261,6,0),(506,262,4,0),(507,262,6,0),(508,263,4,0),(509,263,6,0),(510,264,4,0),(511,264,6,0),(512,265,4,0),(513,265,6,0),(514,266,4,0),(515,266,6,0),(516,267,4,1),(517,267,6,0),(518,268,4,0),(519,268,6,0),(520,269,4,0),(521,269,6,0),(522,270,4,4),(523,270,6,0),(524,271,4,1),(525,271,6,5),(526,272,4,2),(527,272,6,2),(528,273,4,1),(529,273,6,1),(530,274,4,1),(531,274,6,1),(532,275,4,1),(533,275,6,3),(534,276,4,0),(535,276,6,0),(536,277,4,5),(537,277,6,3),(538,278,4,6),(539,278,6,6),(540,279,4,9),(541,279,6,3),(542,280,4,0),(543,280,6,5),(544,281,4,0),(546,282,4,0),(547,282,6,0),(548,283,4,4),(549,283,6,4),(550,284,4,6),(551,284,6,10),(552,285,4,3),(553,285,6,12),(554,286,4,1),(555,286,6,1),(556,287,4,1),(557,287,6,9),(558,288,4,2),(559,288,6,6),(560,289,4,2),(561,289,6,5),(562,290,4,0),(563,290,6,0),(564,291,4,1),(565,291,6,4),(566,292,4,2),(567,292,6,4),(568,293,4,3),(569,293,6,2),(570,294,4,3),(571,294,6,4),(572,295,4,0),(573,295,6,0),(574,296,4,3),(575,296,6,2),(576,297,4,3),(577,297,6,2),(578,298,4,3),(579,298,6,2),(580,299,4,4),(581,299,6,3),(582,300,4,6),(583,300,6,2),(584,301,4,2),(585,301,6,4),(586,302,4,5),(587,302,6,2),(588,303,4,2),(589,303,6,2),(590,304,4,0),(591,304,6,5),(592,305,4,1),(593,305,6,1),(594,306,4,5),(595,306,6,1),(596,307,4,0),(597,307,6,0),(598,308,4,0),(599,308,6,2),(600,309,4,1),(601,309,6,3),(602,310,4,9),(603,310,6,11),(604,311,4,0),(605,311,6,0),(606,312,4,0),(607,312,6,1),(608,313,4,0),(609,313,6,4),(610,314,4,4),(611,314,6,0),(612,315,4,3),(613,315,6,1),(614,316,4,1),(615,316,6,4),(616,317,4,1),(617,317,6,2),(618,318,4,0),(619,318,6,2),(620,319,4,0),(621,319,6,0),(622,320,4,3),(623,320,6,4),(624,321,4,4),(625,321,6,1),(626,322,4,5),(627,322,6,2),(628,323,4,0),(629,323,6,0),(630,324,4,0),(631,324,6,0),(632,325,4,0),(633,325,6,0),(634,326,4,0),(635,326,6,0),(636,327,4,20),(637,327,6,70),(638,328,4,0),(639,328,6,0),(640,329,4,0),(642,330,4,20),(643,330,6,30),(644,331,4,0),(645,331,6,0),(646,332,4,0),(647,332,6,0),(648,333,4,0),(649,333,6,0),(650,334,4,10),(651,334,6,10),(652,335,4,5),(653,335,6,-5),(654,336,4,10),(655,336,6,20),(656,337,4,10),(657,337,6,10),(658,338,4,0),(659,338,6,0),(660,339,4,0),(661,339,6,0),(662,340,4,0),(663,340,6,0),(664,341,4,0),(665,341,6,0),(666,342,4,0),(667,342,6,0),(668,343,4,0),(669,343,6,0),(670,344,4,0),(672,345,4,0),(673,345,6,0),(674,346,4,0),(675,346,6,0),(676,347,4,10),(677,347,6,30),(678,348,4,20),(679,348,6,20),(680,349,4,0),(681,349,6,0),(682,350,4,0),(683,350,6,0),(684,351,4,0),(685,351,6,5),(686,352,4,20),(687,352,6,20),(688,353,4,0),(689,353,6,0),(690,354,4,0),(691,354,6,3),(692,355,4,0),(693,355,6,4),(694,356,4,0),(695,356,6,4),(696,357,4,0),(697,357,6,0),(698,358,4,0),(699,358,6,0),(700,359,4,0),(701,359,6,4),(702,360,4,5),(703,360,6,0),(704,361,4,0),(705,361,6,0),(706,362,4,5),(707,362,6,0),(708,363,4,0),(709,363,6,5),(710,364,4,5),(711,364,6,5),(712,365,4,4),(713,365,6,0),(714,366,4,0),(715,366,6,0),(716,367,4,0),(717,367,6,5),(718,368,4,0),(719,368,6,2),(720,369,4,0),(721,369,6,0),(722,370,4,0),(723,370,6,8),(724,371,4,6),(725,371,6,15),(726,372,4,1),(727,372,6,3),(728,373,4,0),(729,373,6,20);
/*!40000 ALTER TABLE `gamesessionplayer` ENABLE KEYS */;
UNLOCK TABLES;

--
-- Table structure for table `roundtrashitem`
--

DROP TABLE IF EXISTS `roundtrashitem`;
/*!40101 SET @saved_cs_client     = @@character_set_client */;
/*!50503 SET character_set_client = utf8mb4 */;
CREATE TABLE `roundtrashitem` (
                                  `roundTrashId` int NOT NULL AUTO_INCREMENT,
                                  `roundId` int DEFAULT NULL,
                                  `trashId` int DEFAULT NULL,
                                  PRIMARY KEY (`roundTrashId`),
                                  KEY `roundId` (`roundId`),
                                  KEY `trashId` (`trashId`),
                                  CONSTRAINT `roundtrashitem_ibfk_1` FOREIGN KEY (`roundId`) REFERENCES `gameround` (`roundId`),
                                  CONSTRAINT `roundtrashitem_ibfk_2` FOREIGN KEY (`trashId`) REFERENCES `trashitem` (`itemId`)
) ENGINE=InnoDB AUTO_INCREMENT=33 DEFAULT CHARSET=utf8mb4 COLLATE=utf8mb4_0900_ai_ci;
/*!40101 SET character_set_client = @saved_cs_client */;

--
-- Dumping data for table `roundtrashitem`
--

LOCK TABLES `roundtrashitem` WRITE;
/*!40000 ALTER TABLE `roundtrashitem` DISABLE KEYS */;
INSERT INTO `roundtrashitem` VALUES (1,1,1),(2,1,2),(3,1,3),(4,1,4),(5,1,5),(6,1,6),(7,1,7),(8,1,8),(9,1,9),(10,1,10),(11,1,11),(12,1,12),(13,1,13),(14,1,14),(15,1,15),(16,1,16),(17,2,1),(18,2,2),(19,2,3),(20,2,4),(21,2,5),(22,2,6),(23,2,7),(24,2,8),(25,2,9),(26,2,10),(27,2,11),(28,2,12),(29,2,13),(30,2,14),(31,2,15),(32,2,16);
/*!40000 ALTER TABLE `roundtrashitem` ENABLE KEYS */;
UNLOCK TABLES;

--
-- Table structure for table `trashitem`
--

DROP TABLE IF EXISTS `trashitem`;
/*!40101 SET @saved_cs_client     = @@character_set_client */;
/*!50503 SET character_set_client = utf8mb4 */;
CREATE TABLE `trashitem` (
                             `itemId` int NOT NULL AUTO_INCREMENT,
                             `type` varchar(50) DEFAULT NULL,
                             `img` varchar(255) DEFAULT NULL,
                             `roundId` int DEFAULT NULL,
                             PRIMARY KEY (`itemId`)
) ENGINE=InnoDB AUTO_INCREMENT=17 DEFAULT CHARSET=utf8mb4 COLLATE=utf8mb4_0900_ai_ci;
/*!40101 SET character_set_client = @saved_cs_client */;

--
-- Dumping data for table `trashitem`
--

LOCK TABLES `trashitem` WRITE;
/*!40000 ALTER TABLE `trashitem` DISABLE KEYS */;
INSERT INTO `trashitem` VALUES (1,'PLASTIC','/img/plastic1.png',1),(2,'ORGANIC','/img/organic1.png',1),(3,'PLASTIC','/img/plastic2.png',1),(4,'PLASTIC','/img/plastic3.png',1),(5,'PLASTIC','/img/plastic4.png',1),(6,'ORGANIC','/img/organic2.png',1),(7,'ORGANIC','/img/organic3.png',1),(8,'ORGANIC','/img/organic4.png',1),(9,'PAPER','/img/paper1.png',1),(10,'PAPER','/img/paper2.png',1),(11,'PAPER','/img/paper3.png',1),(12,'PAPER','/img/paper4.png',1),(13,'METAL','/img/metal1.png',1),(14,'METAL','/img/metal2.png',1),(15,'METAL','/img/metal3.png',1),(16,'METAL','/img/metal4.png',1);
/*!40000 ALTER TABLE `trashitem` ENABLE KEYS */;
UNLOCK TABLES;

--
-- Table structure for table `user`
--

DROP TABLE IF EXISTS `user`;
/*!40101 SET @saved_cs_client     = @@character_set_client */;
/*!50503 SET character_set_client = utf8mb4 */;
CREATE TABLE `user` (
                        `userId` int NOT NULL AUTO_INCREMENT,
                        `username` varchar(50) DEFAULT NULL,
                        `password` varchar(50) DEFAULT NULL,
                        `totalPoints` int DEFAULT NULL,
                        `status` enum('ONLINE','OFFLINE','PLAYING') DEFAULT NULL,
                        `lastLogin` datetime DEFAULT NULL,
                        `currentRoomId` int DEFAULT NULL,
                        `img` varchar(255) DEFAULT NULL,
                        PRIMARY KEY (`userId`),
                        KEY `currentRoomId` (`currentRoomId`)
) ENGINE=InnoDB AUTO_INCREMENT=11 DEFAULT CHARSET=utf8mb4 COLLATE=utf8mb4_0900_ai_ci;
/*!40101 SET character_set_client = @saved_cs_client */;

--
-- Dumping data for table `user`
--

LOCK TABLES `user` WRITE;
/*!40000 ALTER TABLE `user` DISABLE KEYS */;
INSERT INTO `user` VALUES (1,'alice','pass123',2,'ONLINE','2024-10-03 10:30:00',NULL,NULL),(2,'bob','pass456',2,'OFFLINE','2024-10-02 09:00:00',NULL,NULL),(3,'charlie','pass789',5,'PLAYING','2024-10-04 11:00:00',1,NULL),(4,'123','123',40,'ONLINE','2024-11-25 04:15:36',NULL,'/img/user.png'),(5,'Username','hang572003',NULL,'OFFLINE','2024-11-24 22:24:56',NULL,NULL),(6,'1234','1234',100,'ONLINE','2024-11-25 04:15:21',NULL,'/img/user22.png'),(7,'12345','12345',0,'OFFLINE','2024-11-24 22:24:56',NULL,NULL),(8,'123456','123',0,'ONLINE','2024-10-17 16:28:29',NULL,NULL),(9,'1234567','1234567',0,'ONLINE','2024-10-23 22:56:16',NULL,NULL),(10,'12345678','12345678',NULL,'OFFLINE','2024-10-23 22:56:16',NULL,NULL);
/*!40000 ALTER TABLE `user` ENABLE KEYS */;
UNLOCK TABLES;
/*!40103 SET TIME_ZONE=@OLD_TIME_ZONE */;

/*!40101 SET SQL_MODE=@OLD_SQL_MODE */;
/*!40014 SET FOREIGN_KEY_CHECKS=@OLD_FOREIGN_KEY_CHECKS */;
/*!40014 SET UNIQUE_CHECKS=@OLD_UNIQUE_CHECKS */;
/*!40101 SET CHARACTER_SET_CLIENT=@OLD_CHARACTER_SET_CLIENT */;
/*!40101 SET CHARACTER_SET_RESULTS=@OLD_CHARACTER_SET_RESULTS */;
/*!40101 SET COLLATION_CONNECTION=@OLD_COLLATION_CONNECTION */;
/*!40111 SET SQL_NOTES=@OLD_SQL_NOTES */;

-- Dump completed on 2024-11-25  4:20:29
